SYMBOL,CATEGORY,SUB-CATEGORY,OPEN,HIGH,LOW,PREV. CLOSE,LTP,INDICATIVE CLOSE,CHANGE,% CHANGE,VOLUME,VALUE (₹ Crores),I-NAV,NAV,52 WEEK HIGH,52 WEEK LOW,30 D %CHNG,365 D %CHNG
"LIQUIDCASE","DEBT","Overnight ETFs and Liquid ETF","115.94","115.96","115.94","115.93","115.96","-","0.03","0.03","25771011","298.81","115.95","115.94","115.96","107.56","0.38","4.96"
"SILVERBEES","COMMODITY","SILVER","216.01","217.58","215.17","218.46","216.69","-","-1.77","-0.81","13737345","297.13","216.21","218.94","360.00","121.01","-2.3","75.3"
"LIQUIDBEES","DEBT","Overnight ETFs and Liquid ETF","1,000.00","1,000.01","999.99","999.99","1,000.01","-","0.02","0","2962685","296.27","1,000.00","1,000.00","1,029.99","969.99","0","0"
"GOLDBEES","COMMODITY","GOLD","124.26","125.00","123.67","124.91","124.41","-","-0.5","-0.4","22769280","283.07","124.52","124.93","148.14","90.45","-1.19","35.37"
"NIFTYBEES","EQUITY","Nifty 50","265.44","266.75","264.10","265.02","266.36","-","1.34","0.51","4732947","125.85","265.42","264.82","302.25","251.70","-4.64","-6.97"
"LIQUID1","DEBT","Overnight ETFs and Liquid ETF","1,122.94","1,122.96","1,122.94","1,122.81","1,122.95","-","0.14","0.01","1080738","121.36","1,122.95","1,122.80","1,136.66","1,065.66","0.38","5.06"
"GOLDIETF","COMMODITY","GOLD","128.87","129.44","128.09","129.44","128.84","-","-0.6","-0.46","6497359","83.74","128.38","129.42","158.00","91.62","-1.21","35.37"
"TATSILV","COMMODITY","SILVER","21.99","22.10","21.84","22.20","22.01","-","-0.19","-0.86","33319083","73.17","21.95","22.23","35.10","11.63","-2.2","76.05"
"MONQ50","GLOBAL INDICES","GLOBAL INDICES","272.53","330.33","268.39","275.28","330.33","-","55.05","20","2080987","66.48","116.81","116.69","330.33","88.01","81.82","205.63"
"TATAGOLD","COMMODITY","GOLD","14.56","14.69","14.55","14.68","14.63","-","-0.05","-0.34","37551457","54.90","14.56","14.69","17.70","10.33","-1.14","35.55"
"SETFGOLD","COMMODITY","GOLD","128.19","128.88","127.59","128.88","128.31","-","-0.57","-0.44","4118582","52.82","128.34","128.85","153.95","93.48","-1.22","35.52"
"HDFCSILVER","COMMODITY","SILVER","216.61","217.39","214.92","218.60","216.41","-","-2.19","-1","2385099","51.53","216.01","218.83","359.00","121.25","-2.25","74.88"
"SILVERIETF","COMMODITY","SILVER","226.20","227.28","224.70","228.08","226.30","-","-1.78","-0.78","2238306","50.58","225.40","228.60","373.50","125.61","-2.26","74.37"
"LIQGRWBEES","DEBT","Overnight ETFs and Liquid ETF","1,058.45","1,063.44","1,051.89","1,055.64","1,055.79","-","0.15","0.01","440338","46.49","1,055.78","1,055.65","1,063.44","995.55","0.35","4.73"
"HDFCGOLD","COMMODITY","GOLD","128.48","129.12","127.88","129.11","128.61","-","-0.5","-0.39","3431561","44.11","127.96","129.12","152.30","93.55","-1.16","35.62"
"MON100","GLOBAL INDICES","GLOBAL INDICES","332.00","333.75","318.02","326.77","322.85","-","-3.92","-1.2","1275524","41.37","271.80","271.53","354.90","210.01","-2.98","53.69"
"LIQUIDIETF","DEBT","Overnight ETFs and Liquid ETF","1,000.01","1,000.01","999.99","999.99","1,000.00","-","0.01","0","368412","36.84","1,000.00","1,000.00","1,041.19","955.00","0","0"
"LIQUIDADD","DEBT","Overnight ETFs and Liquid ETF","1,145.02","1,145.04","1,145.02","1,144.88","1,145.03","-","0.15","0.01","284924","32.62","1,145.03","1,144.89","1,151.22","1,088.10","0.37","4.94"
"GOLDAXIS","COMMODITY","GOLD","125.39","125.84","124.45","125.92","125.22","-","-0.7","-0.56","2563650","32.01","123.96","125.88","150.00","91.25","-1.17","0"
"HDFCSML250","EQUITY","Nifty Smallcap 250","181.10","182.24","179.21","181.06","182.00","-","0.94","0.52","1665599","30.21","181.61","180.16","189.83","142.70","-2.24","3.05"
"BANKBEES","EQUITY","Nifty Bank","583.99","586.00","580.52","582.68","582.09","-","-0.59","-0.1","514509","29.98","581.18","583.63","638.99","515.98","-2.63","2.26"
"SILVER1","COMMODITY","SILVER","22.00","22.10","21.84","22.20","21.96","-","-0.24","-1.08","13186412","28.94","22.00","22.22","38.80","12.24","-2.16","-82.34"
"ITBEES","EQUITY","Nifty IT","32.30","33.10","31.90","32.30","32.46","-","0.16","0.5","8324681","26.86","32.41","32.33","44.27","28.55","-5.67","-18.19"
"GOLD1","COMMODITY","GOLD","126.00","126.08","124.80","126.08","125.59","-","-0.49","-0.39","2124653","26.67","125.22","126.15","158.00","90.20","-1.27","35.83"
"LIQUIDBETF","DEBT","Overnight ETFs and Liquid ETF","1,099.06","1,099.08","1,099.06","1,098.94","1,099.07","-","0.13","0.01","228189","25.08","-","1,098.93","1,116.24","1,009.94","0.37","4.85"
"LIQUID","DEBT","Overnight ETFs and Liquid ETF","1,000.00","1,000.00","999.99","999.99","999.99","-","0","0","250770","25.08","1,000.00","1,000.00","1,024.98","974.99","0","0"
"CASHIETF","DEBT","Overnight ETFs and Liquid ETF","1,079.65","1,079.84","1,079.65","1,079.68","1,079.82","-","0.14","0.01","228889","24.72","1,079.83","1,079.69","1,099.28","1,028.15","0.38","5.01"
"SBISILVER","COMMODITY","SILVER","222.00","223.00","220.45","224.07","222.25","-","-1.82","-0.81","817072","18.12","221.83","224.37","362.00","124.00","-2.24","75.82"
"MODEFENCE","EQUITY","Nifty India Defence","101.50","102.17","100.00","100.52","102.00","-","1.48","1.47","1783984","18.09","101.62","100.27","112.00","77.80","-7.12","12.2"
"GOLDCASE","COMMODITY","GOLD","23.60","23.80","23.55","23.78","23.69","-","-0.09","-0.38","7572400","17.91","23.68","23.79","27.94","16.82","-1.16","35.81"
"SILVERBETA","COMMODITY","SILVER","219.00","219.70","217.13","220.69","218.40","-","-2.29","-1.04","763766","16.67","-","221.04","379.66","122.79","-2.32","0"
"JUNIORBEES","EQUITY","Nifty Next 50","767.96","773.40","761.00","764.82","773.40","-","8.58","1.12","212891","16.37","770.16","761.77","823.97","632.34","-5.38","3.37"
"LIQUIDPLUS","DEBT","Overnight ETFs and Liquid ETF","1,103.46","1,103.48","1,103.46","1,103.32","1,103.46","-","0.14","0.01","148108","16.34","1,103.47","1,103.33","1,127.08","1,046.56","0.37","5.02"
"MAFANG","GLOBAL INDICES","GLOBAL INDICES","235.00","241.78","229.80","232.48","238.90","-","6.42","2.76","651437","15.55","175.07","173.63","258.47","149.74","9.96","39.38"
"SETFNIFBK","EQUITY","Nifty Bank","577.41","580.90","576.06","577.41","577.75","-","0.34","0.06","260815","15.06","576.58","579.01","646.11","465.64","-2.73","2.17"
"PSUBNKBEES","EQUITY","Nifty PSU Bank","91.10","93.68","91.10","92.21","92.31","-","0.1","0.11","1436668","13.30","92.30","92.45","110.40","78.30","-5.57","16.12"
"BANKIETF","EQUITY","Nifty Bank","57.56","58.18","57.56","57.75","58.02","-","0.27","0.47","2307654","13.30","57.72","57.89","63.90","51.17","-2.75","2.21"
"SETFNIF50","EQUITY","Nifty 50","251.40","252.09","249.91","250.64","251.99","-","1.35","0.54","487492","12.26","250.84","250.27","287.33","237.90","-4.6","-6.93"
"GOLDETF","COMMODITY","GOLD","145.72","146.95","145.60","146.81","146.38","-","-0.43","-0.29","821154","12.01","146.19","146.94","173.50","106.34","-1.18","35.72"
"SILVERCASE","COMMODITY","SILVER","22.98","23.07","22.80","23.16","22.98","-","-0.18","-0.78","5225578","11.99","22.95","23.21","38.01","12.62","-2.32","75.59"
"SILVER","COMMODITY","SILVER","226.44","227.33","224.75","228.18","226.51","-","-1.67","-0.73","521415","11.78","226.05","228.66","371.89","126.55","-2.23","75.69"
"MASPTOP50","GLOBAL INDICES","GLOBAL INDICES","100.62","105.00","96.68","98.65","104.80","-","6.15","6.23","1126886","11.62","67.22","66.66","111.56","65.00","21.4","46.78"
"MID150BEES","EQUITY","Nifty Midcap 150","232.00","234.50","230.59","232.00","234.49","-","2.49","1.07","467925","10.92","233.46","231.45","247.15","190.43","-4.48","3.13"
"BANKNIFTY1","EQUITY","Nifty Bank","58.31","58.74","58.17","58.32","58.17","-","-0.15","-0.26","1798682","10.47","58.77","58.51","65.29","51.71","-2.62","-89.77"
"SBILIQETF","DEBT","Overnight ETFs and Liquid ETF","1,056.22","1,056.22","1,056.20","1,056.07","1,056.20","-","0.13","0.01","96438","10.19","1,056.21","1,056.08","1,087.09","999.00","0.38","5"
"BANKBETA","EQUITY","Nifty Bank","58.24","58.59","57.94","58.14","58.17","-","0.03","0.05","1751884","10.16","58.06","58.31","73.70","51.30","-2.73","0"
"OILIETF","EQUITY","Nifty Oil & Gas","11.06","11.11","11.00","11.06","11.04","-","-0.02","-0.18","9119991","10.05","11.03","11.05","14.00","9.80","-3.15","-2.81"
"SILVERADD","COMMODITY","SILVER","22.00","22.00","21.68","22.04","21.81","-","-0.23","-1.04","4411434","9.62","21.86","22.08","39.00","12.14","-90.23","-82.4"
"EGOLD","COMMODITY","GOLD","150.35","151.05","149.55","150.95","150.55","-","-0.4","-0.26","634380","9.54","146.16","151.01","184.95","109.60","-1.24","35.5"
"PHARMABEES","EQUITY","Nifty Pharma","27.16","27.39","26.68","26.95","27.38","-","0.43","1.6","3319130","9.04","27.33","26.89","28.40","21.46","-0.85","18.25"
"GOLDBETA","COMMODITY","GOLD","126.90","127.20","126.00","127.15","126.80","-","-0.35","-0.28","620720","7.86","-","127.20","149.35","91.80","-1.24","0"
"LIQUIDETF","DEBT","Overnight ETFs and Liquid ETF","1,000.00","1,000.01","999.99","999.99","1,000.00","-","0.01","0","71901","7.19","1,000.00","1,000.00","1,025.00","995.00","0","0"
"SMALLCAP","EQUITY","Nifty Smallcap 250 Momentum Quality 100","48.84","48.84","47.37","47.65","48.21","-","0.56","1.18","1476596","7.11","48.25","47.71","54.50","37.34","-1.75","2.21"
"NIFTYIETF","EQUITY","Nifty 50","264.47","265.34","263.05","263.67","265.25","-","1.58","0.6","254440","6.73","264.34","263.47","304.14","250.40","-4.64","-6.96"
"SILVERAG","COMMODITY","SILVER","221.00","221.51","218.97","222.76","220.40","-","-2.36","-1.06","296566","6.54","219.88","222.90","380.00","123.30","-1.99","75.76"
"SILVERAXIS","COMMODITY","SILVER","225.10","226.37","223.71","227.04","225.46","-","-1.58","-0.7","265264","5.98","223.64","227.62","390.01","125.70","-2.28","0"
"PVTBANIETF","EQUITY","Nifty Private Bank","27.73","27.97","27.51","27.94","27.62","-","-0.32","-1.15","2030986","5.61","27.55","27.61","30.32","24.18","0.72","3.02"
"FMCGIETF","EQUITY","Nifty FMCG","49.95","49.95","48.75","49.14","49.31","-","0.17","0.35","973192","4.78","49.05","48.98","61.19","48.25","-5.46","-18.51"
"MOCAPITAL","EQUITY","Nifty Capital Market","52.57","53.39","52.30","52.57","53.16","-","0.59","1.12","864265","4.59","52.88","52.46","57.25","41.31","-1.92","21.1"
"CPSEETF","EQUITY","Nifty CPSE","91.10","93.04","91.10","92.32","92.28","-","-0.04","-0.04","481374","4.45","92.55","92.29","112.00","86.06","-1.54","-0.41"
"ALPHA","EQUITY","NIFTY Alpha 50","53.30","53.30","52.16","52.46","53.04","-","0.58","1.11","786376","4.15","52.92","52.37","55.59","42.00","-3.17","5.81"
"AUTOBEES","EQUITY","Nifty Auto","279.00","283.29","276.56","279.35","283.04","-","3.69","1.32","144505","4.07","281.12","278.38","310.45","242.50","-7.84","0.18"
"TOP10ADD","EQUITY","Nifty Top 10 Equal Weight","85.11","85.86","84.86","85.25","85.50","-","0.25","0.29","453187","3.87","85.09","85.08","103.04","83.05","-3.53","-11.19"
"BSLGOLDETF","COMMODITY","GOLD","132.59","133.03","131.70","132.90","132.51","-","-0.39","-0.29","290109","3.84","132.53","132.95","155.99","95.63","-1.18","35.42"
"METAL","EQUITY","Nifty Metal","13.20","13.20","12.85","12.88","13.00","-","0.12","0.93","2934238","3.80","12.99","12.87","14.18","8.70","-2.87","28.54"
"METALIETF","EQUITY","Nifty Metal","12.88","12.99","12.81","12.85","12.99","-","0.14","1.09","2907242","3.76","12.94","12.82","14.17","9.70","-2.95","28.37"
"NIF100BEES","EQUITY","Nifty 100","259.16","260.12","257.66","258.67","257.78","-","-0.89","-0.34","135501","3.51","258.86","257.85","290.00","240.00","-4.44","-5.29"
"GROWWGOLD","COMMODITY","GOLD","14.70","14.76","14.61","14.76","14.69","-","-0.07","-0.47","2353265","3.46","14.70","14.76","18.00","10.73","-1.14","-86.47"
"ELIQUID","DEBT","Overnight ETFs and Liquid ETF","1,045.15","1,048.00","1,045.15","1,047.85","1,048.00","-","0.15","0.01","32327","3.39","-","1,047.86","1,051.22","996.00","0.37","0"
"GOLDADD","COMMODITY","GOLD","14.58","14.69","14.53","14.69","14.59","-","-0.1","-0.68","2316676","3.39","14.64","14.68","18.10","10.64","-90.12","0"
"INFRAIETF","EQUITY","Nifty Infrastructure","92.21","92.62","91.95","91.87","92.00","-","0.13","0.14","356586","3.30","92.46","91.78","101.00","86.80","-5.24","-2.83"
"HNGSNGBEES","GLOBAL INDICES","GLOBAL INDICES","464.00","466.44","460.00","464.42","463.01","-","-1.41","-0.3","69972","3.24","448.21","450.28","579.92","443.42","-4.15","-11.38"
"MIDCAPETF","EQUITY","Nifty Midcap 150","22.80","23.43","22.80","22.97","23.13","-","0.16","0.7","1380411","3.18","23.14","22.89","24.57","19.60","-4.21","3.61"
"NIFTYETF","EQUITY","Nifty 50","252.50","254.35","252.50","253.31","253.07","-","-0.24","-0.09","120788","3.06","254.18","252.85","289.05","239.81","-4.54","-6.85"
"GROWWSLVR","COMMODITY","SILVER","22.24","22.30","22.05","22.38","22.17","-","-0.21","-0.94","1344345","2.98","22.20","22.44","36.30","12.47","-2.31","-82.53"
"HEALTHIETF","EQUITY","Nifty Healthcare","166.98","172.00","165.31","166.98","170.44","-","3.46","2.07","169749","2.87","169.82","167.09","174.82","138.65","-0.95","11.16"
"NEXT50IETF","EQUITY","Nifty Next 50","73.33","75.33","73.33","74.61","75.20","-","0.59","0.79","369232","2.77","75.17","74.33","80.38","62.60","-5.46","3.07"
"MOREALTY","EQUITY","Nifty Realty","83.75","84.35","82.14","83.01","83.90","-","0.89","1.07","330304","2.76","83.86","82.57","99.49","64.00","-9.23","-9.14"
"BSLNIFTY","EQUITY","Nifty 50","28.15","28.15","27.10","27.47","27.40","-","-0.07","-0.25","989867","2.71","27.31","27.25","33.00","25.70","-4.02","-6.15"
"HDFCBSE500","EQUITY","BSE 500","35.86","37.10","35.86","36.59","36.64","-","0.05","0.14","666863","2.44","36.43","36.26","40.00","32.65","-4.01","-1.72"
"ALPL30IETF","EQUITY","Nifty Alpha Low-Volatility 30","26.94","27.21","26.90","26.96","26.93","-","-0.03","-0.11","894010","2.41","27.07","26.89","29.17","24.35","-4.84","-2.71"
"HDFCNIFTY","EQUITY","Nifty 50","268.69","268.69","261.83","262.14","263.44","-","1.3","0.5","91285","2.40","262.54","261.95","301.88","247.56","-4.64","-6.97"
"INSUREIETF","EQUITY","BSE Insurance","14.72","15.31","14.69","14.73","15.06","-","0.33","2.24","1516024","2.30","15.18","14.66","16.46","14.36","-5.09","0"
"MAHKTECH","GLOBAL INDICES","GLOBAL INDICES","22.03","22.40","21.50","21.50","21.90","-","0.4","1.86","1036306","2.28","17.71","17.81","35.59","21.00","-7.57","-21.3"
"AUTOIETF","EQUITY","Nifty Auto","27.92","28.37","27.80","27.97","28.36","-","0.39","1.39","752124","2.12","28.21","27.89","31.46","24.20","-7.99","0"
"DEFENCE","EQUITY","BSE India Defence","77.68","77.95","76.85","76.93","77.81","-","0.88","1.14","270552","2.10","77.83","76.78","85.60","58.91","-6.97","0"
"QGOLDHALF","COMMODITY","GOLD","124.86","125.24","123.93","125.15","124.64","-","-0.51","-0.41","165964","2.07","124.86","125.24","149.69","90.62","-1.25","35.83"
"LICMFGOLD","COMMODITY","GOLD","135.25","136.55","134.25","135.60","134.60","-","-1","-0.74","151724","2.05","134.42","-","162.00","98.00","-1.38","-98.65"
"ESILVER","COMMODITY","SILVER","227.30","227.30","223.24","228.89","226.00","-","-2.89","-1.26","87265","1.98","220.97","228.64","375.00","126.00","-1.99","76.06"
"NEXT50","EQUITY","Nifty Next 50","725.93","736.69","725.93","729.58","736.25","-","6.67","0.91","26277","1.93","735.18","727.36","785.96","617.00","-5.28","3.09"
"ALPHAETF","EQUITY","Nifty 200 Alpha 30","26.24","26.24","25.72","25.73","26.00","-","0.27","1.05","738021","1.92","26.03","25.71","27.61","21.80","-4.06","1.34"
"GROWWPOWER","EQUITY","BSE Power","10.98","11.13","10.96","10.93","11.07","-","0.14","1.28","1714886","1.89","11.08","10.94","13.20","7.75","-5.12","7.37"
"GROWWLIQID","DEBT","Overnight ETFs and Liquid ETF","110.78","110.78","110.77","110.76","110.78","-","0.02","0.02","154650","1.71","110.78","110.76","112.71","105.15","0.35","4.74"
"MOMMIDCAP","EQUITY","BSE Midcap 150 Momentum 30","12.67","12.77","12.59","12.60","12.70","-","0.1","0.79","1344900","1.71","-","12.58","14.99","10.80","-3.89","0"
"GROWWDEFNC","EQUITY","Nifty India Defence","91.80","92.84","91.11","91.79","92.06","-","0.27","0.29","180595","1.66","92.57","91.15","102.07","71.78","-7.11","12.65"
"AONELIQUID","DEBT","Overnight ETFs and Liquid ETF","1,077.14","1,077.17","1,077.14","1,077.02","1,077.17","-","0.15","0.01","14434","1.55","1,077.02","1,077.02","1,094.59","997.56","0.38","5.01"
"HDFCLIQUID","DEBT","Overnight ETFs and Liquid ETF","1,078.20","1,078.20","1,078.18","1,078.05","1,078.19","-","0.14","0.01","14392","1.55","1,078.19","-","1,079.40","1,009.91","0.37","4.89"
"HDFCMID150","EQUITY","Nifty Midcap 150","23.28","23.28","22.60","22.72","22.90","-","0.18","0.79","671075","1.53","22.86","22.67","25.20","19.42","-4.18","3.41"
"ICICIB22","EQUITY","BSE BHARAT 22","111.00","112.63","110.20","111.78","111.70","-","-0.08","-0.07","130930","1.47","112.18","111.91","131.00","108.77","-3.4","1.44"
"NIFTY1","EQUITY","Nifty 50","258.43","259.71","257.14","258.43","259.20","-","0.77","0.3","56430","1.46","259.63","257.97","295.80","244.80","-4.47","-6.81"
"LIQUIDSBI","DEBT","Overnight ETFs and Liquid ETF","999.99","1,000.01","999.99","1,000.00","1,000.01","-","0.01","0","14603","1.46","1,000.00","1,000.00","1,010.02","970.23","0","0"
"MID150","EQUITY","Nifty Midcap 150","22.99","23.01","22.82","22.88","22.93","-","0.05","0.22","635762","1.46","22.97","-","24.95","18.97","-4.15","3.95"
"MOM100","EQUITY","Nifty Midcap 100","66.11","66.70","65.72","66.11","66.66","-","0.55","0.83","218093","1.44","66.34","65.74","70.32","56.15","-3.88","4.55"
"GROWWRAIL","EQUITY","Nifty India Railways PSU","26.86","27.24","26.75","26.75","27.14","-","0.39","1.46","521994","1.40","26.92","26.69","36.75","26.40","-7.92","-26"
"NEXT50BETA","EQUITY","Nifty Next 50","76.55","77.45","75.90","76.34","77.45","-","1.11","1.45","178892","1.38","76.92","76.08","82.51","64.34","-5.13","0"
"MIDCAPIETF","EQUITY","Nifty Midcap 150","22.64","23.50","22.64","23.23","23.43","-","0.2","0.86","576797","1.35","23.37","23.17","24.88","19.89","-4.52","3.34"
"MOM30IETF","EQUITY","Nifty 200 Momentum 30","30.47","30.84","30.24","30.34","30.84","-","0.5","1.65","432970","1.33","30.69","30.25","32.90","26.00","-4.35","-3.8"
"BANKETF","EQUITY","Nifty Bank","572.49","577.14","571.50","573.59","572.76","-","-0.83","-0.14","22817","1.31","574.47","574.38","628.27","507.01","-2.39","2.39"
"MOSMALL250","EQUITY","Nifty Smallcap 250","17.94","18.22","17.94","17.94","18.22","-","0.28","1.56","713339","1.29","18.12","17.96","19.38","14.22","-2.45","2.87"
"MOMOMENTUM","EQUITY","Nifty 200 Momentum 30","60.63","61.11","60.33","60.33","60.69","-","0.36","0.6","211558","1.29","61.00","60.14","66.28","54.32","-4.41","-3.92"
"MOMENTUM50","EQUITY","Nifty 500 Momentum 50","52.84","53.27","52.48","52.66","53.25","-","0.59","1.12","239860","1.27","53.17","52.46","55.97","44.96","-3.16","0.98"
"LIQUIDSHRI","DEBT","Overnight ETFs and Liquid ETF","1,121.72","1,121.74","1,121.72","1,121.58","1,121.72","-","0.14","0.01","11007","1.23","1,121.73","1,121.59","1,121.74","1,070.67","0.35","4.75"
"ABSLLIQUID","DEBT","Overnight ETFs and Liquid ETF","995.00","1,000.01","995.00","1,000.00","1,000.01","-","0.01","0","12180","1.22","1,000.00","1,000.00","1,044.99","975.00","0","0"
"TOP100CASE","EQUITY","Nifty 100","10.46","10.46","10.20","10.21","10.32","-","0.11","1.08","1171887","1.20","10.25","10.21","11.57","9.48","-4.85","-5.46"
"MONIFTY500","EQUITY","Nifty 500","23.61","23.61","22.80","23.15","23.25","-","0.1","0.43","505785","1.18","23.21","23.07","28.28","20.75","-4.61","-2.53"
"EBBETF0430","DEBT","Bond","1,596.18","1,610.12","1,596.18","1,604.00","1,607.69","-","3.69","0.23","7020","1.13","1,610.12","1,609.57","1,646.18","1,501.89","-0.47","4.43"
"ITETF","EQUITY","Nifty IT","30.92","31.16","30.55","30.80","30.97","-","0.17","0.55","357330","1.10","30.86","30.86","42.02","27.22","-5.7","-18.11"
"SETFNN50","EQUITY","Nifty Next 50","761.11","766.50","756.14","758.20","765.00","-","6.8","0.9","13672","1.04","763.46","755.14","840.00","636.01","-5.34","3.37"
"LTGILTBEES","DEBT","GSECS/GILT","29.77","29.77","29.66","29.70","29.68","-","-0.02","-0.07","340430","1.01","29.71","29.72","30.61","28.13","-1.16","2.95"
"LOWVOLIETF","EQUITY","Nifty 100 Low Volatility 30","21.71","21.71","21.29","21.28","21.31","-","0.03","0.14","472478","1.01","21.42","21.32","26.81","19.84","-5.46","-6.13"
"GROWWHOSPI","EQUITY","BSE Hospitals","52.41","52.50","51.15","51.14","52.50","-","1.36","2.66","187670","0.98","52.05","51.36","62.00","43.35","-2.9","0"
"ITIETF","EQUITY","Nifty IT","32.24","32.70","32.04","32.27","32.45","-","0.18","0.56","298904","0.96","32.36","32.36","44.30","28.54","-5.84","-18.16"
"ENERGY","EQUITY","Nifty Energy","37.55","37.76","37.50","37.54","37.72","-","0.18","0.48","237663","0.89","37.70","37.50","42.82","29.00","-3.62","0"
"MID150CASE","EQUITY","Nifty Midcap 150","11.53","11.53","11.23","11.30","11.40","-","0.1","0.88","778742","0.88","11.37","11.27","13.00","9.63","-4.56","3.96"
"SML100CASE","EQUITY","Nifty Smallcap100","11.00","11.16","11.00","11.01","11.16","-","0.15","1.36","770506","0.86","11.11","11.03","11.77","8.50","-2.39","6.48"
"GROWWCAPM","EQUITY","Nifty Capital Market","11.00","11.18","10.93","11.03","11.10","-","0.07","0.63","735659","0.82","11.12","11.01","12.66","8.02","-1.96","0"
"GROWWEV","EQUITY","Nifty EV and New Age Automotive","31.36","31.99","30.70","31.21","31.71","-","0.5","1.6","258717","0.81","31.65","31.30","34.64","26.20","-8.69","-1.76"
"FINIETF","EQUITY","Nifty Financial Services Ex-Bank","31.70","32.05","31.60","31.61","32.04","-","0.43","1.36","250140","0.80","31.93","31.59","34.56","27.40","-4.93","3.44"
"MIDSELIETF","EQUITY","BSE Midcap Select","19.28","19.50","19.26","19.31","19.34","-","0.03","0.16","408836","0.79","19.44","19.31","20.39","14.55","-3.21","8.36"
"CHEMICAL","EQUITY","Nifty Chemicals","29.04","29.20","28.88","28.91","29.15","-","0.24","0.83","271437","0.79","29.05","28.86","31.80","24.50","-6.17","0"
"GILT5YBEES","DEBT","GSECS/GILT","66.00","66.00","65.62","65.74","65.82","-","0.08","0.12","114991","0.76","65.75","65.81","68.30","61.45","-0.78","4.98"
"CONSUMBEES","EQUITY","Nifty India Consumption","127.79","128.22","126.38","127.09","126.95","-","-0.14","-0.11","57414","0.73","127.48","126.74","144.38","114.00","-6.02","-7.89"
"MIDSMALL","EQUITY","Nifty MidSmallcap400 Momentum Quality 100","50.78","50.90","50.30","50.31","50.69","-","0.38","0.76","135992","0.69","50.86","50.24","53.07","42.41","-4.01","1.82"
"HDFCNEXT50","EQUITY","Nifty Next 50","72.13","73.17","71.92","72.13","72.99","-","0.86","1.19","93622","0.68","72.76","72.00","78.07","59.99","-5.53","2.75"
"SBIMIDMOM","EQUITY","Nifty Midcap 150 Momentum 50","61.92","62.95","61.92","62.01","62.82","-","0.81","1.31","106166","0.66","62.48","61.74","67.74","53.86","-3.68","0"
"NIFTYCASE","EQUITY","Nifty 50","9.37","9.42","9.28","9.35","9.35","-","0","0","705543","0.66","9.35","9.33","11.61","8.84","-4.4","0"
"NIFTYBETA","EQUITY","Nifty 50","258.24","259.56","257.45","258.24","259.27","-","1.03","0.4","25000","0.65","258.30","257.72","297.48","244.90","-4.55","0"
"GROWWNIFTY","EQUITY","Nifty 50","9.19","9.55","9.19","9.43","9.45","-","0.02","0.21","665258","0.63","9.41","9.39","11.88","8.93","-3.97","-6.54"
"HDFCPVTBAN","EQUITY","Nifty Private Bank","27.24","27.95","27.24","27.80","27.83","-","0.03","0.11","225252","0.63","27.73","27.85","30.17","24.31","-0.93","1.46"
"IVZINGOLD","COMMODITY","GOLD","131.40","131.50","130.10","131.60","130.85","-","-0.75","-0.57","47400","0.62","130.82","131.42","156.00","94.63","-1.24","-98.64"
"AONEGOLD","COMMODITY","GOLD","14.03","14.13","13.99","14.10","14.02","-","-0.08","-0.57","439629","0.62","14.16","14.12","17.73","10.22","-1.05","35.84"
"MAKEINDIA","EQUITY","Nifty India Manufacturing","162.24","162.24","159.43","159.39","161.34","-","1.95","1.22","37857","0.61","161.11","158.97","173.11","140.12","-5.85","3.66"
"MIDCAPBETA","EQUITY","Nifty Midcap 150","226.62","228.98","225.55","226.47","227.98","-","1.51","0.67","26478","0.60","228.26","226.25","240.00","192.50","-4.76","0"
"INFRABEES","EQUITY","Nifty Infrastructure","930.64","933.97","924.03","926.01","933.60","-","7.59","0.82","6160","0.57","928.34","922.09","1,018.30","871.35","-5.3","-2.37"
"ABSLNN50ET","EQUITY","Nifty Next 50","74.64","75.12","74.28","74.27","74.80","-","0.53","0.71","71455","0.53","74.99","74.17","80.33","63.02","-5.24","3.51"
"EBBETF0431","DEBT","Bond","1,433.99","1,433.99","1,428.52","1,427.29","1,430.01","-","2.72","0.19","3663","0.52","1,432.80","1,433.40","1,469.00","1,370.69","-1.1","3.93"
"IT","EQUITY","NIFTY IT","32.25","32.81","32.05","32.25","32.51","-","0.26","0.81","160242","0.52","31.89","32.33","44.49","28.54","-5.87","-17.92"
"MOMENTUM30","EQUITY","Nifty 200 Momentum 30","29.97","30.20","29.89","29.91","29.98","-","0.07","0.23","171221","0.51","30.13","29.71","37.38","26.91","-4.35","0"
"TNIDETF","EQUITY","Nifty Private Bank","87.54","89.37","87.54","87.97","88.02","-","0.05","0.06","57525","0.51","88.22","88.73","103.26","74.50","-3.17","-7.46"
"MOMIDMTM","EQUITY","Nifty Midcap 150 Momentum 50","62.69","63.40","62.69","62.69","63.01","-","0.32","0.51","79088","0.50","-","62.53","70.00","54.78","-3.97","0.21"
"GROWWMETAL","EQUITY","Nifty Metal","12.08","12.28","11.65","12.05","12.16","-","0.11","0.91","407418","0.50","12.26","12.14","13.45","10.03","-2.98","0"
"MOSILVER","COMMODITY","SILVER","223.80","225.06","222.54","225.55","224.39","-","-1.16","-0.51","21273","0.48","224.12","226.31","385.00","125.25","-2.3","74.93"
"SENSEXIETF","EQUITY","BSE Sensex","851.86","859.76","851.86","856.15","855.10","-","-1.05","-0.12","5540","0.47","856.67","855.69","999.84","731.00","-4.54","-8.77"
"SMALL250","EQUITY","Nifty Smallcap 250","18.29","18.29","17.91","17.90","18.10","-","0.2","1.12","257569","0.47","-","17.93","19.95","14.16","-2.77","0"
"LTGILTCASE","DEBT","GSECS/GILT","30.89","30.89","30.18","30.28","30.27","-","-0.01","-0.03","152684","0.46","30.24","30.27","31.31","28.71","-1.11","2.96"
"GROWWNET","EQUITY","Nifty India Internet","10.93","11.00","10.61","10.72","10.70","-","-0.02","-0.19","426495","0.46","10.71","10.71","11.40","7.93","0.66","-0.74"
"EVIETF","EQUITY","Nifty EV and New Age Automotive","31.75","32.49","31.41","31.84","31.92","-","0.08","0.25","143068","0.45","31.75","31.38","36.00","26.28","-6.82","-0.25"
"NV20IETF","EQUITY","Nifty 50 Value 20","13.32","13.32","13.12","13.19","13.27","-","0.08","0.61","337403","0.45","13.19","13.20","16.00","12.50","-3.93","-9.66"
"HDFCMOMENT","EQUITY","Nifty 200 Momentum 30","30.08","30.44","29.49","30.09","30.26","-","0.17","0.56","142609","0.43","30.38","29.99","33.23","27.13","-4.39","-3.46"
"SBIBPB","EQUITY","BSE PSU Bank","48.27","48.79","47.60","48.27","48.22","-","-0.05","-0.1","86400","0.41","47.96","48.03","58.27","39.34","-4.7","16.01"
"GOLDBND","COMMODITY","GOLD","151.00","151.03","149.65","151.13","150.49","-","-0.64","-0.42","27534","0.41","151.23","150.95","180.16","115.17","-1.11","0"
"EBBETF0433","DEBT","Bond","1,308.96","1,309.00","1,301.10","1,309.64","1,302.01","-","-7.63","-0.58","3052","0.40","1,304.22","1,303.08","1,350.32","1,243.25","-0.51","4.75"
"GROWWSC250","EQUITY","Nifty Smallcap 250","10.50","10.60","10.34","10.41","10.50","-","0.09","0.86","379744","0.39","10.40","10.32","10.97","8.00","-1.7","0"
"EVINDIA","EQUITY","Nifty EV and New Age Automotive","31.50","31.92","31.39","31.50","31.81","-","0.31","0.98","121664","0.39","31.78","31.43","35.04","26.20","-7.68","-1.19"
"MOVALUE","EQUITY","BSE Enhanced Value","109.92","110.97","109.41","109.92","109.97","-","0.05","0.05","34522","0.38","110.53","110.06","128.77","100.60","-3.98","6.18"
"PSUBNKIETF","EQUITY","Nifty PSU Bank","84.16","85.10","83.58","83.70","84.21","-","0.51","0.61","43257","0.36","83.77","83.96","104.00","69.87","-5.51","16.28"
"HSBCGOLD","COMMODITY","GOLD","131.51","132.00","129.05","131.51","130.56","-","-0.95","-0.72","27776","0.36","131.23","131.49","146.40","119.10","-1.24","0"
"PSUBANK","EQUITY","Nifty PSU Bank","82.86","83.94","82.52","82.80","82.84","-","0.04","0.05","38641","0.32","83.91","82.86","101.00","70.31","-5.24","-88.36"
"HEALTHCARE","EQUITY","Nifty 500 Healthcare","21.35","21.65","21.33","21.33","21.65","-","0.32","1.5","144250","0.31","18.17","21.32","22.43","17.18","-1.02","0"
"AONESILVER","COMMODITY","SILVER","8.73","8.73","8.62","8.73","8.68","-","-0.05","-0.57","354829","0.31","8.77","8.75","12.00","7.43","-2.24","0"
"BSE500IETF","EQUITY","BSE 500","38.20","38.51","38.02","38.20","38.40","-","0.2","0.52","79176","0.30","38.34","38.16","42.05","34.50","-4.52","-3.09"
"QNIFTY","EQUITY","Nifty 50","258.90","258.90","255.60","256.39","257.00","-","0.61","0.24","11686","0.30","256.43","255.84","291.19","243.20","-4.49","-90.7"
"HDFCNIMEG","EQUITY","Nifty Metal","127.21","128.76","127.21","127.21","127.98","-","0.77","0.61","20678","0.27","128.54","127.34","152.55","125.73","-3.48","0"
"GROWWRLTY","EQUITY","Nifty Realty","9.28","9.46","9.19","9.28","9.40","-","0.12","1.29","280109","0.26","9.36","9.22","11.30","7.17","-9.02","0"
"SHARIABEES","EQUITY","Nifty 50 Shariah","438.00","443.98","435.01","439.40","443.75","-","4.35","0.99","5890","0.26","440.05","438.18","534.61","433.68","-5.76","-12.93"
"NIFTYAXIS","EQUITY","Nifty 50","256.12","259.13","256.12","257.65","258.50","-","0.85","0.33","9997","0.26","257.56","257.28","296.38","244.00","-4.52","0"
"NIFTYQLITY","EQUITY","Nifty 200 Quality 30","20.58","20.64","20.36","20.36","20.60","-","0.24","1.18","121631","0.25","20.55","20.47","23.03","18.95","-6.86","-6.95"
"MOENERGY","EQUITY","Nifty Energy","37.50","37.70","37.38","37.45","37.57","-","0.12","0.32","65244","0.24","37.61","37.42","43.00","33.00","-3.68","0"
"MIDCAP","EQUITY","NIFTY Midcap 50","18.01","18.21","17.93","18.01","18.11","-","0.1","0.56","133637","0.24","18.12","17.95","19.27","15.01","-3.74","-89.36"
"HDFCSENSEX","EQUITY","BSE Sensex","84.65","84.94","84.19","84.78","84.50","-","-0.28","-0.33","27969","0.24","84.43","84.42","98.48","78.44","-3.93","-8.43"
"VAL30IETF","EQUITY","Nifty 200 Value 30","14.80","14.92","14.78","14.80","14.90","-","0.1","0.68","158592","0.24","14.83","14.80","17.70","13.10","-3.83","11.78"
"MOGOLD","COMMODITY","GOLD","149.25","149.60","147.75","149.35","148.85","-","-0.5","-0.33","15719","0.23","148.93","149.45","175.00","108.00","-0.99","36.52"
"MOHEALTH","EQUITY","BSE Healthcare","51.68","52.19","51.33","51.40","52.17","-","0.77","1.5","44591","0.23","-","51.19","53.76","40.79","-0.02","13.24"
"COMMOIETF","EQUITY","Nifty Commodities","96.24","97.43","96.24","96.56","97.43","-","0.87","0.9","23268","0.23","96.93","96.37","110.56","90.00","-3.67","5.96"
"NV20BEES","EQUITY","Nifty 50 Value 20","135.62","136.15","134.84","135.62","136.12","-","0.5","0.37","15612","0.21","135.36","135.45","160.00","134.01","-3.79","-9.45"
"EQUAL50ADD","EQUITY","NIFTY 50 Equal Weight","332.23","334.50","331.27","331.44","334.25","-","2.81","0.85","6248","0.21","333.16","330.81","361.00","304.78","-4.76","-0.74"
"BFSI","EQUITY","Nifty Financial Services","26.92","26.92","26.21","26.27","26.31","-","0.04","0.15","77632","0.21","26.45","26.29","29.94","24.03","-3.81","-4.02"
"HDFCNIFIT","EQUITY","Nifty IT","31.73","31.73","30.80","30.96","31.00","-","0.04","0.13","65039","0.20","31.16","31.10","42.30","27.32","-6.15","-18.31"
"HEALTHY","EQUITY","Nifty Healthcare","16.77","17.15","16.77","16.77","17.15","-","0.38","2.27","118781","0.20","17.01","16.75","17.67","13.58","-1.29","11.28"
"SBIETFPB","EQUITY","Nifty Private Bank","283.59","283.59","277.68","279.30","280.05","-","0.75","0.27","6642","0.19","277.99","279.17","304.58","244.18","0.1","2.02"
"SBIETFIT","EQUITY","Nifty IT","319.01","326.80","319.01","322.23","324.44","-","2.21","0.69","5344","0.17","323.48","322.72","439.27","285.00","-5.74","-18.14"
"FMCGADD","EQUITY","Nifty FMCG","45.95","46.09","45.73","45.94","46.07","-","0.13","0.28","37341","0.17","45.78","45.76","51.09","45.01","-5.41","0"
"ABSLBANETF","EQUITY","Nifty Bank","57.55","58.00","57.35","57.68","57.35","-","-0.33","-0.57","29639","0.17","57.55","57.79","64.94","50.97","-2.68","2.23"
"NEXT50ADD","EQUITY","Nifty Next 50","70.83","71.54","70.82","70.74","71.45","-","0.71","1","23050","0.16","71.57","70.78","81.00","56.25","-5.89","0"
"CONSUMIETF","EQUITY","Nifty India Consumption","118.00","121.00","118.00","117.91","119.31","-","1.4","1.19","13540","0.16","118.71","117.92","141.27","94.65","-6","-8.01"
"SENSEXETF","EQUITY","BSE Sensex","77.15","77.15","76.61","76.84","76.91","-","0.07","0.09","20812","0.16","77.05","76.79","88.70","73.33","-4.33","-8.68"
"PSUBANKADD","EQUITY","Nifty PSU Bank","83.94","84.84","83.35","83.23","83.38","-","0.15","0.18","19080","0.16","83.58","83.71","99.88","71.27","-5.82","16.29"
"SENSEXBETA","EQUITY","BSE Sensex","819.00","832.00","818.01","818.38","832.00","-","13.62","1.66","1761","0.15","825.37","824.50","952.91","785.00","-4.56","0"
"BANKPSU","EQUITY","Nifty PSU Bank","84.05","84.54","83.18","83.22","83.40","-","0.18","0.22","17015","0.14","83.65","83.49","99.52","71.21","-5.53","16.54"
"INTERNET","EQUITY","Nifty India Internet","14.53","14.56","14.43","14.46","14.44","-","-0.02","-0.14","96126","0.14","14.52","14.46","15.80","10.72","0.77","-0.62"
"BBETF0432","DEBT","Bond","1,339.48","1,341.17","1,338.00","1,335.29","1,340.00","-","4.71","0.35","998","0.13","1,343.11","1,341.49","1,378.00","1,284.00","-1.71","3.69"
"BSLSENETFG","EQUITY","BSE SENSEX","75.89","77.90","74.77","75.90","75.05","-","-0.85","-1.12","17545","0.13","75.04","75.03","87.82","70.32","-3.16","-7.55"
"NIF100IETF","EQUITY","Nifty 100","27.17","27.34","27.11","27.19","27.31","-","0.12","0.44","47616","0.13","27.25","27.12","30.88","23.00","-4.76","-5.29"
"VALUEAXIS","EQUITY","Nifty 500 Value 50","32.11","32.20","31.94","31.96","32.00","-","0.04","0.13","40405","0.13","32.11","31.98","39.00","26.76","-3.12","0"
"NIFTY100EW","EQUITY","Nifty 100 Equal Weight","33.87","34.78","33.80","34.33","34.27","-","-0.06","-0.17","37581","0.13","34.07","33.80","41.41","29.84","-3.95","1.9"
"DIVOPPBEES","EQUITY","Nifty Dividend Opportunities 50","74.02","75.25","74.02","74.62","75.19","-","0.57","0.76","16908","0.13","74.68","74.51","87.09","72.13","-4.94","-4.69"
"SILVER360","COMMODITY","SILVER","220.20","224.30","220.20","225.16","223.88","-","-1.28","-0.57","5530","0.12","-","225.26","358.00","123.75","-1.99","75.91"
"SILVERBND","COMMODITY","SILVER","227.58","228.09","226.00","229.24","226.75","-","-2.49","-1.09","5427","0.12","228.20","229.54","389.00","180.00","-2.37","0"
"AONETOTAL","EQUITY","Nifty Total Market","11.78","11.78","11.50","11.55","11.67","-","0.12","1.04","105305","0.12","11.54","11.54","12.51","9.60","-4.07","-2.53"
"SMALLIETF","EQUITY","Nifty Smallcap 250","17.40","18.18","17.40","17.93","18.01","-","0.08","0.45","67545","0.12","18.05","17.90","19.49","17.40","-2.45","0"
"FLEXIADD","EQUITY","Nifty 500 Flexicap Quality 30","9.88","9.88","9.55","9.68","9.77","-","0.09","0.93","124615","0.12","9.72","9.65","11.90","8.73","-6.02","0"
"GROWWPSE","EQUITY","Nifty PSE","97.97","97.97","95.00","95.52","96.56","-","1.04","1.09","12155","0.12","96.34","95.74","109.85","93.20","-3.83","0"
"SELECTIPO","EQUITY","BSE Select IPO","47.35","47.73","47.32","47.35","47.49","-","0.14","0.3","24630","0.12","47.68","47.30","52.07","37.80","-2.21","-5.96"
"HDFCNIFBAN","EQUITY","Nifty Bank","57.93","58.32","57.72","57.93","57.78","-","-0.15","-0.26","19963","0.12","57.78","58.03","65.54","51.20","-2.7","2.21"
"MOMENTUM","EQUITY","Nifty 200 Momentum 30","30.40","30.70","30.16","30.16","30.47","-","0.31","1.03","35933","0.11","30.51","30.09","33.00","27.05","-4.47","-3.7"
"CONSUMER","EQUITY","Nifty India New Age Consumption","11.70","11.78","11.64","11.65","11.72","-","0.07","0.6","90035","0.11","11.74","11.64","12.74","9.69","-5.13","-5.9"
"ESG","EQUITY","Nifty 100 ESG Sector Leaders","39.98","40.07","39.89","39.91","40.05","-","0.14","0.35","26115","0.10","40.07","39.83","45.06","37.52","-4.86","-7.74"
"NIFTYADD","EQUITY","Nifty 50","244.47","246.92","244.47","245.69","246.92","-","1.23","0.5","4220","0.10","245.44","244.88","300.00","232.64","-4.34","0"
"NIFTYJBLK","EQUITY","Nifty 50","12.37","12.37","11.85","12.07","12.00","-","-0.07","-0.58","86852","0.10","11.92","11.91","13.05","9.94","0","0"
"ABSLPSE","EQUITY","Nifty PSE","10.00","10.10","9.84","10.00","9.84","-","-0.16","-1.6","98835","0.10","9.97","9.91","11.60","9.21","-2.72","-0.2"
"CEMNTGROWW","EQUITY","Nifty Cements","13.94","14.12","13.67","13.85","14.05","-","0.2","1.44","68805","0.10","13.96","13.83","16.27","13.67","-8.22","0"
"HDFCGROWTH","EQUITY","Nifty Growth Sectors 15","114.95","115.80","114.92","115.20","115.80","-","0.6","0.52","7899","0.09","115.14","114.92","133.30","107.86","-5.08","-7.77"
"HDFCPSUBK","EQUITY","Nifty PSU Bank","83.78","84.83","83.14","83.78","83.14","-","-0.64","-0.76","10748","0.09","83.61","83.75","101.25","71.34","-4.72","16.72"
"GROWWCHEM","EQUITY","Nifty Chemicals","29.27","29.49","28.81","28.97","29.35","-","0.38","1.31","30831","0.09","29.01","28.80","31.74","24.64","-5.76","0"
"AONENIFTY","EQUITY","Nifty 50","9.85","9.85","9.53","9.61","9.64","-","0.03","0.31","87123","0.08","9.60","9.60","12.00","9.00","-4.38","-6.88"
"MULTICAP","EQUITY","Nifty 500 Multicap 50:25:25","16.43","16.43","16.21","16.23","16.36","-","0.13","0.8","48266","0.08","16.36","16.23","17.50","14.20","-4.19","-0.98"
"GROWWMOM50","EQUITY","Nifty 500 Momentum 50","10.86","10.86","10.60","10.66","10.84","-","0.18","1.69","71314","0.08","10.76","10.62","11.55","9.12","-3.44","1.52"
"PVTBANKADD","EQUITY","Nifty Private Bank","27.73","27.90","27.66","27.73","27.66","-","-0.07","-0.25","26754","0.07","27.63","27.75","31.88","24.02","-0.4","1.58"
"EMULTIMQ","EQUITY","Nifty 500 Multicap Momentum Quality 50","40.35","41.77","40.35","39.95","41.39","-","1.44","3.6","17658","0.07","40.68","40.43","43.54","36.25","-5.42","-5.91"
"GROWWNXT50","EQUITY","Nifty Next 50","72.00","72.21","71.05","72.43","71.34","-","-1.09","-1.5","9931","0.07","-","70.72","76.79","60.01","-3.77","5.23"
"AONETMMQ50","EQUITY","Nifty Total Market Momentum Quality 50","10.06","10.32","10.01","10.01","10.15","-","0.14","1.4","69955","0.07","10.00","10.00","10.87","8.00","-4.12","0"
"MOTOUR","EQUITY","Nifty India Tourism","75.02","76.79","75.02","75.02","76.69","-","1.67","2.23","9206","0.07","76.36","74.91","95.33","64.00","-6.56","-19.75"
"HDFCNIF100","EQUITY","Nifty 100","25.36","25.36","25.13","25.24","25.32","-","0.08","0.32","26558","0.07","25.23","25.13","29.00","23.31","-4.07","-5.15"
"CHOICEGOLD","COMMODITY","GOLD","149.90","149.90","147.52","150.06","149.57","-","-0.49","-0.33","4383","0.07","149.58","150.04","175.49","115.79","-1.33","0"
"ECAPINSURE","EQUITY","BSE Capital Markets & Insurance","23.10","23.60","23.10","23.03","23.56","-","0.53","2.3","27955","0.07","23.46","23.01","25.88","20.50","-3.6","0.22"
"TECH","EQUITY","Nifty IT","32.06","32.38","31.60","32.06","31.85","-","-0.21","-0.66","20077","0.06","31.94","31.87","49.41","28.00","-5.01","-16.73"
"HDFCVALUE","EQUITY","Nifty 50 Value 20","121.97","122.22","121.54","121.57","122.22","-","0.65","0.53","5105","0.06","121.76","121.85","147.05","120.00","-3.97","-9.82"
"NV20","EQUITY","Nifty 50 Value 20","13.54","13.58","13.47","13.56","13.57","-","0.01","0.07","45776","0.06","13.53","13.53","16.87","12.62","-3.62","-90.92"
"MOM50","EQUITY","Nifty 50","243.84","244.80","241.00","243.84","243.50","-","-0.34","-0.14","2526","0.06","244.17","243.37","279.33","221.55","-4.11","-6.8"
"MNC","EQUITY","Nifty MNC","32.00","32.70","31.92","32.09","32.49","-","0.4","1.25","18692","0.06","32.25","32.10","35.65","27.83","-7.68","2.95"
"TOP20","EQUITY","Nifty Top 20 Equal Weight","8.60","9.00","8.59","8.60","8.67","-","0.07","0.81","69451","0.06","8.65","8.61","9.99","8.00","-4.76","0"
"GOLD360","COMMODITY","GOLD","147.20","147.55","146.25","147.35","146.55","-","-0.8","-0.54","3813","0.06","-","147.54","178.00","106.25","-1.04","34.81"
"EQUAL200","EQUITY","BSE 200 Equal Weight","13.39","13.47","13.38","13.34","13.44","-","0.1","0.75","41542","0.06","-","11.31","14.60","11.75","-5.05","0.91"
"LIQUIDBETA","DEBT","Overnight ETFs and Liquid ETF","1,008.29","1,008.29","1,008.27","1,008.16","1,008.29","-","0.13","0.01","541","0.05","1,008.28","1,008.15","1,019.00","981.86","0.37","0"
"NEXT50ETF","EQUITY","Nifty Next 50","70.93","71.70","70.93","70.93","71.70","-","0.77","1.09","7471","0.05","71.70","70.94","78.00","60.15","-6.63","0"
"ELM250","EQUITY","Nifty LargeMidcap 250","15.99","16.37","15.91","15.99","16.19","-","0.2","1.25","32891","0.05","16.05","16.06","18.50","14.43","-6.82","-2.44"
"SBINEQWETF","EQUITY","Nifty 50 Equal Weight","32.37","34.50","32.21","32.21","32.59","-","0.38","1.18","15561","0.05","32.41","32.18","36.40","29.64","-5.1","-0.92"
"HDFCQUAL","EQUITY","Nifty 100 Quality 30","56.65","56.98","56.54","56.71","56.54","-","-0.17","-0.3","8797","0.05","56.86","56.56","61.87","51.91","-5.04","-4.35"
"HEALTHAXIS","EQUITY","Nifty Healthcare","165.48","168.22","165.48","165.48","167.94","-","2.46","1.49","2855","0.05","166.48","165.66","190.00","135.20","-1.46","0"
"QUAL30IETF","EQUITY","Nifty 200 Quality 30","20.33","20.45","20.25","20.27","20.45","-","0.18","0.89","23099","0.05","20.35","20.27","23.00","18.00","-6.37","-6.63"
"INFRA","EQUITY","Nifty India Infrastructure & Logistics","11.58","11.70","11.56","11.56","11.66","-","0.1","0.87","38972","0.05","11.68","11.53","13.27","10.14","-5.86","0"
"NIFTYBETF","EQUITY","Nifty 50","241.28","241.28","238.95","240.54","240.46","-","-0.08","-0.03","1812","0.04","239.74","239.19","279.99","227.01","-4.07","-6.45"
"MIDCAPADD","EQUITY","Nifty Midcap 150","22.70","22.70","22.47","22.70","22.70","-","0","0","18839","0.04","22.64","22.44","25.50","19.27","-3.61","0"
"TWCGOLDETF","COMMODITY","GOLD","150.71","150.71","149.13","150.59","149.82","-","-0.77","-0.51","2812","0.04","150.36","150.36","187.98","123.31","-1.14","0"
"ENERGYAXIS","EQUITY","Nifty Energy","19.08","19.08","18.69","18.71","18.76","-","0.05","0.27","22143","0.04","18.68","18.64","19.99","18.58","0","0"
"SBIETFQLTY","EQUITY","Nifty 200 Quality 30","213.00","215.01","213.00","213.75","215.01","-","1.26","0.59","1903","0.04","213.98","213.12","247.28","194.00","-6.09","-6.34"
"LOWVOL","EQUITY","Nifty 100 Low Volatility 30","199.07","200.04","198.90","199.39","199.88","-","0.49","0.25","2030","0.04","199.62","198.64","219.10","183.58","-4.87","-5.65"
"BBNPPGOLD","COMMODITY","GOLD","145.55","146.15","143.50","146.40","145.85","-","-0.55","-0.38","2777","0.04","146.30","146.30","184.05","106.00","-0.95","35.49"
"MSCI360","EQUITY","MSCI India","9.84","9.88","9.63","9.87","9.86","-","-0.01","-0.1","40209","0.04","9.75","9.76","12.24","9.60","-4.17","0"
"ABSL10BANK","EQUITY","BSE Top 10 Banks","168.13","168.13","164.00","164.83","164.55","-","-0.28","-0.17","2339","0.04","164.65","165.73","214.42","150.00","-2.86","0"
"SMALLGROWW","EQUITY","Nifty Smallcap 250 Momentum Quality 100","47.89","48.89","47.89","47.62","47.89","-","0.27","0.57","7927","0.04","47.77","47.77","50.84","39.41","-2.1","0"
"SETF10GILT","DEBT","GSECS/GILT","262.49","263.87","261.35","262.49","261.38","-","-1.11","-0.42","1434","0.04","262.72","262.79","272.31","250.95","-1.32","1.54"
"SILVER001","COMMODITY","SILVER","23.67","23.67","22.75","23.12","22.94","-","-0.18","-0.78","15756","0.04","22.95","23.13","28.00","22.00","0","0"
"BNKETFAXIS","EQUITY","Nifty Bank","582.58","582.58","579.75","579.81","580.10","-","0.29","0.05","592","0.03","582.34","581.19","647.82","512.51","-2.83","0"
"MANUFGBEES","EQUITY","Nifty India Manufacturing","158.00","161.00","157.79","157.61","159.94","-","2.33","1.48","2092","0.03","159.07","156.95","171.58","138.60","-5.78","3.9"
"ITBETA","EQUITY","Nifty IT","304.57","309.40","304.17","305.80","309.39","-","3.59","1.17","1071","0.03","306.90","306.19","409.94","270.68","-6.67","0"
"TOP15IETF","EQUITY","Nifty Top 15 Equal Weight","9.53","9.70","9.46","9.50","9.55","-","0.05","0.53","31445","0.03","9.49","9.48","11.36","9.15","-5.19","-10.04"
"MSCIADD","EQUITY","MSCI India","28.62","28.70","28.57","28.63","28.63","-","0","0","10146","0.03","28.68","28.53","33.82","26.40","-4.66","0"
"GROWWPSUBK","EQUITY","Nifty PSU Bank","83.27","84.14","81.75","83.33","83.99","-","0.66","0.79","3497","0.03","82.87","83.00","91.19","77.57","-4.91","0"
"NETF","EQUITY","Nifty 50","251.00","254.87","251.00","251.74","252.00","-","0.26","0.1","1110","0.03","253.49","252.98","292.90","240.66","-5.08","-7.3"
"UNIONGOLD","COMMODITY","GOLD","148.70","148.70","146.40","147.90","146.85","-","-1.05","-0.71","1789","0.03","146.53","147.92","177.00","107.35","-0.9","35.56"
"IDFNIFTYET","EQUITY","Nifty 50","256.30","258.71","256.30","256.51","257.00","-","0.49","0.19","1001","0.03","257.40","256.81","340.80","244.32","-5.56","-7.03"
"BANKBETF","EQUITY","Nifty Bank","57.09","57.49","56.90","57.10","57.18","-","0.08","0.14","4493","0.03","57.06","57.30","63.90","50.71","-2.83","2.2"
"BANK10BETF","EQUITY","BSE Top 10 Banks","20.41","20.51","20.15","20.40","20.20","-","-0.2","-0.98","12244","0.02","-","20.41","24.90","19.73","-2.72","0"
"MOLOWVOL","EQUITY","Nifty Midcap 100","35.00","36.50","34.99","34.99","35.40","-","0.41","1.17","6873","0.02","35.22","35.03","43.07","33.52","-5.99","-8.98"
"BANKADD","EQUITY","Nifty Bank","57.60","57.92","57.37","57.52","57.37","-","-0.15","-0.26","4145","0.02","57.47","57.71","62.90","51.01","-2.94","0"
"SBIETFCON","EQUITY","Nifty India Consumption","118.97","118.97","117.91","117.78","118.54","-","0.76","0.65","1963","0.02","118.14","117.46","133.97","100.00","-6.11","-7.69"
"SMALLADD","EQUITY","Nifty Smallcap 250","18.03","18.19","18.03","17.99","18.16","-","0.17","0.94","12790","0.02","18.13","17.97","19.50","14.01","-2.44","0"
"LICNMID100","EQUITY","Nifty Midcap 100","60.80","62.39","60.80","60.84","62.39","-","1.55","2.55","3565","0.02","61.97","61.32","66.40","52.30","-5.19","3.68"
"MIDQ50ADD","EQUITY","Nifty Midcap 150 Quality 50","24.07","24.22","23.93","24.07","24.20","-","0.13","0.54","8990","0.02","24.16","23.96","26.01","21.00","-6.16","-90.55"
"SBINMID150","EQUITY","Nifty Midcap 150","22.48","22.89","22.48","22.48","22.75","-","0.27","1.2","9273","0.02","22.63","22.43","24.06","19.81","-4.22","0"
"MON50EQUAL","EQUITY","NIFTY 50 Equal Weight","32.92","32.92","32.12","32.27","32.40","-","0.13","0.4","6362","0.02","-","32.12","36.00","29.43","-4.58","-0.62"
"MOIPO","EQUITY","BSE Select IPO","47.48","50.90","47.45","47.48","49.89","-","2.41","5.08","4203","0.02","47.18","47.32","53.00","36.50","-1.96","0"
"MONEXT50","EQUITY","Nifty Next 50","73.07","73.07","70.61","71.64","71.28","-","-0.36","-0.5","2801","0.02","71.12","70.34","75.89","59.43","-4.47","4.42"
"ITAXIS","EQUITY","Nifty IT","319.00","323.17","318.10","320.41","318.10","-","-2.31","-0.72","609","0.02","318.86","320.69","439.67","230.70","-6.22","0"
"CONS","EQUITY","Nifty India Consumption","11.44","12.00","11.44","11.67","11.85","-","0.18","1.54","16325","0.02","11.78","11.71","13.12","10.20","-6.71","-90.81"
"HYBRIDETF","Hybrid","Equity/Debt","9.97","9.97","9.87","9.88","9.94","-","0.06","0.61","19385","0.02","-","9.86","11.99","9.80","-2.85","0"
"SBISMLETF","EQUITY","Nifty Smallcap 250","18.07","18.17","17.91","17.90","18.14","-","0.24","1.34","10469","0.02","18.03","17.89","18.97","16.53","-2.51","0"
"BBNPNBETF","EQUITY","NIFTY Bank","57.19","57.19","56.44","56.63","56.62","-","-0.01","-0.02","3324","0.02","56.56","56.80","62.77","50.03","-2.48","2.05"
"HEALTHADD","EQUITY","Nifty Healthcare","16.45","16.80","16.45","16.29","16.80","-","0.51","3.13","11028","0.02","16.70","16.44","17.47","13.54","-2.16","-88.97"
"EQUAL50","EQUITY","Nifty 50 Equal Weight","320.85","323.30","320.85","320.85","323.05","-","2.2","0.69","528","0.02","323.00","320.26","342.88","295.16","-4.74","-1.26"
"MOMGF","EQUITY","Nifty India Manufacturing","157.35","160.50","156.63","156.62","158.89","-","2.27","1.45","1074","0.02","158.10","155.88","182.16","137.90","-5.77","3.37"
"SNXT50BETA","EQUITY","BSE SENSEX Next 50","92.98","93.00","91.51","92.99","91.60","-","-1.39","-1.49","1834","0.02","92.95","92.20","102.25","77.11","-3.76","0"
"GSEC5IETF","DEBT","GSECS/GILT","65.28","66.46","65.28","65.62","65.62","-","0","0","2564","0.02","65.93","65.94","69.14","62.00","-1.07","4.32"
"GROWWN200","EQUITY","Nifty 200","10.95","11.10","10.83","10.94","11.03","-","0.09","0.82","14665","0.02","11.01","10.96","12.14","9.91","-5.28","-3.7"
"MOPSE","EQUITY","Nifty PSE","97.63","101.50","97.45","97.76","101.32","-","3.56","3.64","1574","0.02","97.44","96.91","114.70","93.33","-2.83","-0.53"
"IVZINNIFTY","EQUITY","Nifty 50","267.25","268.37","266.38","267.21","267.52","-","0.31","0.12","573","0.02","267.17","266.56","315.00","251.10","-4.3","-90.6"
"GSEC10YEAR","DEBT","GSECS/GILT","30.34","30.35","30.10","30.19","30.35","-","0.16","0.53","5046","0.02","30.24","30.24","31.33","28.39","-1.37","3.36"
"MONIFTY100","EQUITY","Nifty 100","24.87","24.87","24.48","24.59","24.54","-","-0.05","-0.2","6165","0.02","24.57","24.45","27.97","22.38","-4.47","0"
"DIVIDEND","EQUITY","BSE 500 Dividend Leaders 50","34.69","34.82","34.64","34.71","34.82","-","0.11","0.32","3816","0.01","34.77","34.65","38.03","33.15","-3.34","0"
"MOALPHA50","EQUITY","Nifty Alpha 50","54.46","55.07","54.46","54.34","55.07","-","0.73","1.34","2418","0.01","54.78","54.35","62.00","42.10","-3.38","4.98"
"SNXT30BEES","EQUITY","BSE Sensex Next 30","41.50","42.00","41.50","41.62","41.93","-","0.31","0.74","2988","0.01","41.85","41.49","44.56","36.83","-4.83","5.26"
"NIF500BETA","EQUITY","Nifty 500","36.48","36.48","36.35","35.99","36.48","-","0.49","1.36","3339","0.01","36.45","36.25","38.30","35.83","0","0"
"MSCIINDIA","EQUITY","MSCI India","28.94","29.10","28.90","28.88","29.05","-","0.17","0.59","4050","0.01","28.97","28.82","32.14","26.50","-4.59","-3.83"
"GROWWLOVOL","EQUITY","Nifty 500 Low Volatility 50","10.23","10.24","10.03","10.05","10.06","-","0.01","0.1","11111","0.01","10.11","10.04","11.10","9.39","-4.74","-4.29"
"MIDBANKADD","EQUITY","BSE MidSmall Private Banks","17.27","17.27","17.10","17.22","17.12","-","-0.1","-0.58","6401","0.01","17.08","17.12","18.22","16.94","-0.69","0"
"NPBET","EQUITY","Nifty Private Bank","284.26","284.26","282.00","282.63","282.00","-","-0.63","-0.22","386","0.01","281.86","283.10","307.00","246.26","-0.25","2.14"
"IVZSENSEX","EQUITY","BSE Sensex","75.29","75.29","74.40","74.55","74.60","-","0.05","0.07","1385","0.01","-","74.38","79.20","73.73","0","0"
"PVTBKGROWW","EQUITY","Nifty Private Bank","27.77","27.77","27.20","27.53","27.24","-","-0.29","-1.05","3592","0.01","27.29","27.41","29.57","25.45","0.11","0"
"EMETAL","EQUITY","Nifty Metal","12.99","13.99","12.74","12.99","13.70","-","0.71","5.47","7553","0.01","12.86","12.73","15.21","12.41","-1.22","0"
"ITADD","EQUITY","Nifty IT","30.89","31.04","30.60","30.89","30.99","-","0.1","0.32","2978","0.01","30.94","30.87","41.92","27.17","-5.74","0"
"HDFCLOWVOL","EQUITY","Nifty 100 Low Volatility 30","19.89","20.05","19.81","19.80","20.05","-","0.25","1.26","4264","0.01","19.92","19.85","22.28","18.35","-5.71","-6.07"
"VALUE","EQUITY","Nifty 500 Value 50","15.72","15.82","15.70","15.73","15.76","-","0.03","0.19","5339","0.01","15.78","15.71","19.69","14.83","-3.14","0"
"LICNFNHGP","EQUITY","Nifty 100","275.01","275.01","268.00","275.01","272.24","-","-2.77","-1.01","303","0.01","267.68","266.43","296.41","248.02","-2.19","-3.08"
"LOWVOL1","EQUITY","NIFTY 100 Low Volatility 30","20.34","20.48","20.30","20.23","20.32","-","0.09","0.44","3967","0.01","20.41","20.33","22.90","18.77","-5.73","-5.82"
"LICNETFGSC","DEBT","GSECS/GILT","29.45","29.45","29.20","29.20","29.26","-","0.06","0.21","2724","0.01","29.24","29.25","30.53","27.59","-1.05","2.85"
"BANK10ADD","EQUITY","BSE Top 10 Banks","16.57","16.60","16.48","16.46","16.50","-","0.04","0.24","4466","0.01","16.47","16.58","18.99","12.08","-3.12","0"
"MOQUALITY","EQUITY","BSE Quality","192.89","193.77","192.43","191.94","193.52","-","1.58","0.82","378","0.01","193.19","192.08","225.60","176.15","-6.33","-3.03"
"MOMNC","EQUITY","Nifty MNC ETF","32.16","32.16","31.10","31.38","31.46","-","0.08","0.25","2332","0.01","27.76","31.08","35.80","27.03","-6.83","0"
"EBANK10","EQUITY","BSE Top 10 Banks","16.52","16.52","16.22","16.52","16.22","-","-0.3","-1.82","3478","0.01","17.32","16.46","17.90","16.09","-1.31","0"
"MOOILGAS","EQUITY","Nifty Oil & Gas","11.07","11.07","10.85","10.86","10.90","-","0.04","0.37","5229","0.01","10.71","10.89","11.70","10.79","-3.64","0"
"ELMDIV","EQUITY","BSE LargeMid (60:40) Stable Dividend 50","35.51","35.63","35.10","35.39","35.10","-","-0.29","-0.82","1592","0.01","36.05","35.11","38.67","35.10","-4.04","0"
"IVZBANKNF","EQUITY","Nifty Bank","56.26","56.29","55.94","56.07","55.99","-","-0.08","-0.14","962","0.01","-","56.24","58.45","55.54","0","0"
"MOINFRA","EQUITY","BSE India Infrastructure","57.63","57.68","57.36","57.35","57.60","-","0.25","0.44","855","0.00","57.56","57.23","66.00","54.60","-4.08","-3.42"
"SENSEXAXIS","EQUITY","BSE Sensex","77.33","77.60","77.05","77.33","77.25","-","-0.08","-0.1","602","0.00","77.23","77.22","91.35","73.52","-4.65","0"
"LARGEMID50","EQUITY","BSE LargeMid (60:40) Stable Dividend 50","35.22","35.52","35.22","35.19","35.31","-","0.12","0.34","1283","0.00","-","35.11","38.00","34.95","0","0"
"MOGSEC","DEBT","GSECS/GILT","64.61","65.50","64.55","64.82","65.38","-","0.56","0.86","670","0.00","64.92","64.94","67.33","60.74","-1.04","4.58"
"NEXT30ADD","EQUITY","BSE SENSEX Next 30","41.71","42.08","41.71","41.24","41.97","-","0.73","1.77","1001","0.00","41.95","41.60","46.70","36.98","-5.74","4.38"
"QUALITY30","EQUITY","Nifty 200 Quality 30","19.92","20.03","19.85","19.93","19.85","-","-0.08","-0.4","1924","0.00","19.97","19.87","23.18","18.09","-6.12","-6.17"
"LICNETFN50","EQUITY","Nifty 50","259.98","262.81","259.98","259.85","260.54","-","0.69","0.27","144","0.00","261.83","260.74","295.00","248.17","-5.07","-7.45"
"GROWWMC150","EQUITY","Nifty Midcap 150","224.33","228.09","224.30","224.33","226.50","-","2.17","0.97","149","0.00","226.43","224.42","245.00","193.60","-5.52","0"
"SENSEXADD","EQUITY","BSE Sensex","76.90","77.10","76.51","76.90","76.96","-","0.06","0.08","414","0.00","76.76","76.75","88.20","73.27","-4.26","-8.45"
"CONSUMAXIS","EQUITY","Nifty India Consumption","117.03","118.11","117.03","117.03","118.11","-","1.08","0.92","260","0.00","117.60","117.11","131.85","105.63","-6.17","0"
"PVTBANK","EQUITY","Nifty Private Bank","27.50","27.50","27.23","27.41","27.23","-","-0.18","-0.66","1080","0.00","27.25","27.37","28.33","27.01","-0.33","0"
"EBANKNIFTY","EQUITY","Nifty Bank","57.03","57.03","56.48","56.61","56.74","-","0.13","0.23","519","0.00","56.45","56.84","69.39","50.05","-2.58","2.15"
"MOMETAL","EQUITY","Nifty Metal","12.83","12.92","12.81","12.71","12.81","-","0.1","0.79","2261","0.00","12.87","12.74","14.49","12.54","-3.35","0"
"ENIFTY","EQUITY","Nifty 50","23.50","23.57","23.41","23.33","23.49","-","0.16","0.69","975","0.00","23.46","23.42","27.99","22.28","-5.09","0"
"ESENSEX","EQUITY","BSE Sensex","75.32","75.33","75.00","75.27","75.16","-","-0.11","-0.15","298","0.00","74.87","74.90","88.05","71.87","-4.31","0"
"MOSERVICE","EQUITY","Nifty Services Sector","30.11","30.19","30.00","30.11","30.00","-","-0.11","-0.37","633","0.00","13.94","29.98","35.37","28.30","-3.8","0"
"GILT5BETA","DEBT","GSECS/GILT","66.46","66.59","65.60","66.79","66.59","-","-0.2","-0.3","269","0.00","65.96","65.98","69.00","61.51","0.54","0"
"GSEC10IETF","DEBT","GSECS/GILT","263.89","263.89","263.89","262.20","263.89","-","1.69","0.64","53","0.00","262.31","262.32","269.59","252.23","-1.8","1.66"
"SBIVALETF","EQUITY","Nifty 200 Value 30","14.42","14.48","14.34","14.35","14.35","-","0","0","855","0.00","14.40","14.37","17.70","14.21","-3.76","0"
"ABSLMSCIN","EQUITY","MSCI India","28.65","28.76","28.57","28.46","28.72","-","0.26","0.91","249","0.00","28.65","28.51","35.34","26.34","-4.78","0"
"MOBANK10","EQUITY","BSE Top 10 Banks","16.74","16.79","16.50","16.62","16.60","-","-0.02","-0.12","292","0.00","16.51","16.59","20.00","15.75","-2.46","0"
"ABGSEC","DEBT","GSECS/GILT","114.54","114.54","112.84","113.74","113.07","-","-0.67","-0.59","39","0.00","113.67","113.63","118.00","109.50","-1.16","3.22"
"ENEXT50","EQUITY","Nifty Next 50","70.89","70.89","70.88","70.54","70.89","-","0.35","0.5","56","0.00","70.56","70.17","76.00","68.59","-5.15","0"
"GILT10BETA","DEBT","GSECS/GILT","26.59","26.65","26.22","26.59","26.65","-","0.06","0.23","50","0.00","26.40","26.40","27.60","25.10","-1.19","0"
"GSEC10ABSL","DEBT","GSECS/GILT","111.92","112.34","111.92","111.92","112.34","-","0.42","0.38","5","0.00","111.76","111.78","115.00","108.01","-1.19","1.98"
"GSEC10ADD","DEBT","GSECS/GILT","-","-","-","26.30","26.30","-","0","0","0","-","26.52","26.53","27.85","24.32","0","0"
"LICNETFSEN","EQUITY","BSE Sensex","-","-","-","841.79","841.79","-","0","0","0","-","841.33","840.45","974.02","803.00","-4.41","-9.06"