SYMBOL,SCHEME_NAME,AMC,BENCHMARK_INDEX,ISIN,EXPENSE_RATIO,LAUNCH_DATE,UNDERLYING_ASSET,SOURCE,FETCHED_AT,ERROR
ABSL10BANK,,,,,,,,,2026-09-20T14:35:11+00:00,
ABSLBANETF,,,,,,,,,2026-09-20T14:35:11+00:00,
ABSLMSCIN,,,,,,,,,2026-09-20T14:35:11+00:00,
ABSLNN50ET,,,,,,,,,2026-09-20T14:35:11+00:00,
ABSLPSE,,,,,,,,,2026-09-20T14:35:11+00:00,
ALPHA,,,,,,,,,2026-09-20T14:35:11+00:00,
ALPHAETF,,,,,,,,,2026-09-20T14:35:11+00:00,
ALPL30IETF,,,,,,,,,2026-09-20T14:35:11+00:00,
AONEGOLD,,,,,,,,,2026-09-20T14:35:11+00:00,
AONENIFTY,,,,,,,,,2026-09-20T14:35:11+00:00,
AONESILVER,,,,,,,,,2026-09-20T14:35:11+00:00,
AONETMMQ50,,,,,,,,,2026-09-20T14:35:11+00:00,
AONETOTAL,,,,,,,,,2026-09-20T14:35:11+00:00,
AUTOBEES,,,,,,,,,2026-09-20T14:35:11+00:00,
AUTOIETF,,,,,,,,,2026-09-20T14:35:11+00:00,
BANK10ADD,,,,,,,,,2026-09-20T14:35:11+00:00,
BANK10BETF,,,,,,,,,2026-09-20T14:35:11+00:00,
BANKADD,,,,,,,,,2026-09-20T14:35:11+00:00,
BANKBEES,,,,,,,,,2026-09-20T14:35:11+00:00,
BANKBETA,,,,,,,,,2026-09-20T14:35:11+00:00,
BANKBETF,,,,,,,,,2026-09-20T14:35:11+00:00,
BANKETF,,,,,,,,,2026-09-20T14:35:11+00:00,
BANKIETF,,,,,,,,,2026-09-20T14:35:11+00:00,
BANKNIFTY1,,,,,,,,,2026-09-20T14:35:11+00:00,
BANKPSU,,,,,,,,,2026-09-20T14:35:11+00:00,
BBNPNBETF,,,,,,,,,2026-09-20T14:35:11+00:00,
BBNPPGOLD,,,,,,,,,2026-09-20T14:35:11+00:00,
BFSI,,,,,,,,,2026-09-20T14:35:11+00:00,
BNKETFAXIS,,,,,,,,,2026-09-20T14:35:11+00:00,
BSE500IETF,,,,,,,,,2026-09-20T14:35:11+00:00,
BSLGOLDETF,,,,,,,,,2026-09-20T14:35:11+00:00,
BSLNIFTY,,,,,,,,,2026-09-20T14:35:11+00:00,
BSLSENETFG,,,,,,,,,2026-09-20T14:35:11+00:00,
CEMNTGROWW,,,,,,,,,2026-09-20T14:35:11+00:00,
CHEMICAL,,,,,,,,,2026-09-20T14:35:11+00:00,
CHOICEGOLD,,,,,,,,,2026-09-20T14:35:11+00:00,
COMMOIETF,,,,,,,,,2026-09-20T14:35:11+00:00,
CONS,,,,,,,,,2026-09-20T14:35:11+00:00,
CONSUMAXIS,,,,,,,,,2026-09-20T14:35:11+00:00,
CONSUMBEES,,,,,,,,,2026-09-20T14:35:11+00:00,
CONSUMER,,,,,,,,,2026-09-20T14:35:11+00:00,
CONSUMIETF,,,,,,,,,2026-09-20T14:35:11+00:00,
CPSEETF,,,,,,,,,2026-09-20T14:35:11+00:00,
DEFENCE,,,,,,,,,2026-09-20T14:35:11+00:00,
DIVIDEND,,,,,,,,,2026-09-20T14:35:11+00:00,
DIVOPPBEES,,,,,,,,,2026-09-20T14:35:11+00:00,
EBANK10,,,,,,,,,2026-09-20T14:35:11+00:00,
EBANKNIFTY,,,,,,,,,2026-09-20T14:35:11+00:00,
ECAPINSURE,,,,,,,,,2026-09-20T14:35:11+00:00,
EGOLD,,,,,,,,,2026-09-20T14:35:11+00:00,
ELM250,,,,,,,,,2026-09-20T14:35:11+00:00,
ELMDIV,,,,,,,,,2026-09-20T14:35:11+00:00,
EMETAL,,,,,,,,,2026-09-20T14:35:11+00:00,
EMULTIMQ,,,,,,,,,2026-09-20T14:35:11+00:00,
ENERGY,,,,,,,,,2026-09-20T14:35:11+00:00,
ENERGYAXIS,,,,,,,,,2026-09-20T14:35:11+00:00,
ENEXT50,,,,,,,,,2026-09-20T14:35:11+00:00,
ENIFTY,,,,,,,,,2026-09-20T14:35:11+00:00,
EQUAL200,,,,,,,,,2026-09-20T14:35:11+00:00,
EQUAL50,,,,,,,,,2026-09-20T14:35:11+00:00,
EQUAL50ADD,,,,,,,,,2026-09-20T14:35:11+00:00,
ESENSEX,,,,,,,,,2026-09-20T14:35:11+00:00,
ESG,,,,,,,,,2026-09-20T14:35:11+00:00,
ESILVER,,,,,,,,,2026-09-20T14:35:11+00:00,
EVIETF,,,,,,,,,2026-09-20T14:35:11+00:00,
EVINDIA,,,,,,,,,2026-09-20T14:35:11+00:00,
FINIETF,,,,,,,,,2026-09-20T14:35:11+00:00,
FLEXIADD,,,,,,,,,2026-09-20T14:35:11+00:00,
FMCGADD,,,,,,,,,2026-09-20T14:35:11+00:00,
FMCGIETF,,,,,,,,,2026-09-20T14:35:11+00:00,
GOLD1,,,,,,,,,2026-09-20T14:35:11+00:00,
GOLD360,,,,,,,,,2026-09-20T14:35:11+00:00,
GOLDADD,,,,,,,,,2026-09-20T14:35:11+00:00,
GOLDAXIS,,,,,,,,,2026-09-20T14:35:11+00:00,
GOLDBEES,,,,,,,,,2026-09-20T14:35:11+00:00,
GOLDBETA,,,,,,,,,2026-09-20T14:35:11+00:00,
GOLDBND,,,,,,,,,2026-09-20T14:35:11+00:00,
GOLDCASE,,,,,,,,,2026-09-20T14:35:11+00:00,
GOLDETF,,,,,,,,,2026-09-20T14:35:11+00:00,
GOLDIETF,,,,,,,,,2026-09-20T14:35:11+00:00,
GROWWCAPM,,,,,,,,,2026-09-20T14:35:11+00:00,
GROWWCHEM,,,,,,,,,2026-09-20T14:35:11+00:00,
GROWWDEFNC,,,,,,,,,2026-09-20T14:35:11+00:00,
GROWWEV,,,,,,,,,2026-09-20T14:35:11+00:00,
GROWWGOLD,,,,,,,,,2026-09-20T14:35:11+00:00,
GROWWHOSPI,,,,,,,,,2026-09-20T14:35:11+00:00,
GROWWLOVOL,,,,,,,,,2026-09-20T14:35:11+00:00,
GROWWMC150,,,,,,,,,2026-09-20T14:35:11+00:00,
GROWWMETAL,,,,,,,,,2026-09-20T14:35:11+00:00,
GROWWMOM50,,,,,,,,,2026-09-20T14:35:11+00:00,
GROWWN200,,,,,,,,,2026-09-20T14:35:11+00:00,
GROWWNET,,,,,,,,,2026-09-20T14:35:11+00:00,
GROWWNIFTY,,,,,,,,,2026-09-20T14:35:11+00:00,
GROWWNXT50,,,,,,,,,2026-09-20T14:35:11+00:00,
GROWWPOWER,,,,,,,,,2026-09-20T14:35:11+00:00,
GROWWPSE,,,,,,,,,2026-09-20T14:35:11+00:00,
GROWWPSUBK,,,,,,,,,2026-09-20T14:35:11+00:00,
GROWWRAIL,,,,,,,,,2026-09-20T14:35:11+00:00,
GROWWRLTY,,,,,,,,,2026-09-20T14:35:11+00:00,
GROWWSC250,,,,,,,,,2026-09-20T14:35:11+00:00,
GROWWSLVR,,,,,,,,,2026-09-20T14:35:11+00:00,
HDFCBSE500,,,,,,,,,2026-09-20T14:35:11+00:00,
HDFCGOLD,,,,,,,,,2026-09-20T14:35:11+00:00,
HDFCGROWTH,,,,,,,,,2026-09-20T14:35:11+00:00,
HDFCLOWVOL,,,,,,,,,2026-09-20T14:35:11+00:00,
HDFCMID150,,,,,,,,,2026-09-20T14:35:11+00:00,
HDFCMOMENT,,,,,,,,,2026-09-20T14:35:11+00:00,
HDFCNEXT50,,,,,,,,,2026-09-20T14:35:11+00:00,
HDFCNIF100,,,,,,,,,2026-09-20T14:35:11+00:00,
HDFCNIFBAN,,,,,,,,,2026-09-20T14:35:11+00:00,
HDFCNIFIT,,,,,,,,,2026-09-20T14:35:11+00:00,
HDFCNIFTY,,,,,,,,,2026-09-20T14:35:11+00:00,
HDFCNIMEG,,,,,,,,,2026-09-20T14:35:11+00:00,
HDFCPSUBK,,,,,,,,,2026-09-20T14:35:11+00:00,
HDFCPVTBAN,,,,,,,,,2026-09-20T14:35:11+00:00,
HDFCQUAL,,,,,,,,,2026-09-20T14:35:11+00:00,
HDFCSENSEX,,,,,,,,,2026-09-20T14:35:11+00:00,
HDFCSILVER,,,,,,,,,2026-09-20T14:35:11+00:00,
HDFCSML250,,,,,,,,,2026-09-20T14:35:11+00:00,
HDFCVALUE,,,,,,,,,2026-09-20T14:35:11+00:00,
HEALTHADD,,,,,,,,,2026-09-20T14:35:11+00:00,
HEALTHAXIS,,,,,,,,,2026-09-20T14:35:11+00:00,
HEALTHCARE,,,,,,,,,2026-09-20T14:35:11+00:00,
HEALTHIETF,,,,,,,,,2026-09-20T14:35:11+00:00,
HEALTHY,,,,,,,,,2026-09-20T14:35:11+00:00,
HNGSNGBEES,,,,,,,,,2026-09-20T14:35:11+00:00,
HSBCGOLD,,,,,,,,,2026-09-20T14:35:11+00:00,
ICICIB22,,,,,,,,,2026-09-20T14:35:11+00:00,
IDFNIFTYET,,,,,,,,,2026-09-20T14:35:11+00:00,
INFRA,,,,,,,,,2026-09-20T14:35:11+00:00,
INFRABEES,,,,,,,,,2026-09-20T14:35:11+00:00,
INFRAIETF,,,,,,,,,2026-09-20T14:35:11+00:00,
INSUREIETF,,,,,,,,,2026-09-20T14:35:11+00:00,
INTERNET,,,,,,,,,2026-09-20T14:35:11+00:00,
IT,,,,,,,,,2026-09-20T14:35:11+00:00,
ITADD,,,,,,,,,2026-09-20T14:35:11+00:00,
ITAXIS,,,,,,,,,2026-09-20T14:35:11+00:00,
ITBEES,,,,,,,,,2026-09-20T14:35:11+00:00,
ITBETA,,,,,,,,,2026-09-20T14:35:11+00:00,
ITETF,,,,,,,,,2026-09-20T14:35:11+00:00,
ITIETF,,,,,,,,,2026-09-20T14:35:11+00:00,
IVZBANKNF,,,,,,,,,2026-09-20T14:35:11+00:00,
IVZINGOLD,,,,,,,,,2026-09-20T14:35:11+00:00,
IVZINNIFTY,,,,,,,,,2026-09-20T14:35:11+00:00,
IVZSENSEX,,,,,,,,,2026-09-20T14:35:11+00:00,
JUNIORBEES,,,,,,,,,2026-09-20T14:35:11+00:00,
LARGEMID50,,,,,,,,,2026-09-20T14:35:11+00:00,
LICMFGOLD,,,,,,,,,2026-09-20T14:35:11+00:00,
LICNETFN50,,,,,,,,,2026-09-20T14:35:11+00:00,
LICNETFSEN,,,,,,,,,2026-09-20T14:35:11+00:00,
LICNFNHGP,,,,,,,,,2026-09-20T14:35:11+00:00,
LICNMID100,,,,,,,,,2026-09-20T14:35:11+00:00,
LOWVOL,,,,,,,,,2026-09-20T14:35:11+00:00,
LOWVOL1,,,,,,,,,2026-09-20T14:35:11+00:00,
LOWVOLIETF,,,,,,,,,2026-09-20T14:35:11+00:00,
MAFANG,,,,,,,,,2026-09-20T14:35:11+00:00,
MAHKTECH,,,,,,,,,2026-09-20T14:35:11+00:00,
MAKEINDIA,,,,,,,,,2026-09-20T14:35:11+00:00,
MANUFGBEES,,,,,,,,,2026-09-20T14:35:11+00:00,
MASPTOP50,,,,,,,,,2026-09-20T14:35:11+00:00,
METAL,,,,,,,,,2026-09-20T14:35:11+00:00,
METALIETF,,,,,,,,,2026-09-20T14:35:11+00:00,
MID150,,,,,,,,,2026-09-20T14:35:11+00:00,
MID150BEES,,,,,,,,,2026-09-20T14:35:11+00:00,
MID150CASE,,,,,,,,,2026-09-20T14:35:11+00:00,
MIDBANKADD,,,,,,,,,2026-09-20T14:35:11+00:00,
MIDCAP,,,,,,,,,2026-09-20T14:35:11+00:00,
MIDCAPADD,,,,,,,,,2026-09-20T14:35:11+00:00,
MIDCAPBETA,,,,,,,,,2026-09-20T14:35:11+00:00,
MIDCAPETF,,,,,,,,,2026-09-20T14:35:11+00:00,
MIDCAPIETF,,,,,,,,,2026-09-20T14:35:11+00:00,
MIDQ50ADD,,,,,,,,,2026-09-20T14:35:11+00:00,
MIDSELIETF,,,,,,,,,2026-09-20T14:35:11+00:00,
MIDSMALL,,,,,,,,,2026-09-20T14:35:11+00:00,
MNC,,,,,,,,,2026-09-20T14:35:11+00:00,
MOALPHA50,,,,,,,,,2026-09-20T14:35:11+00:00,
MOBANK10,,,,,,,,,2026-09-20T14:35:11+00:00,
MOCAPITAL,,,,,,,,,2026-09-20T14:35:11+00:00,
MODEFENCE,,,,,,,,,2026-09-20T14:35:11+00:00,
MOENERGY,,,,,,,,,2026-09-20T14:35:11+00:00,
MOGOLD,,,,,,,,,2026-09-20T14:35:11+00:00,
MOHEALTH,,,,,,,,,2026-09-20T14:35:11+00:00,
MOINFRA,,,,,,,,,2026-09-20T14:35:11+00:00,
MOIPO,,,,,,,,,2026-09-20T14:35:11+00:00,
MOLOWVOL,,,,,,,,,2026-09-20T14:35:11+00:00,
MOM100,,,,,,,,,2026-09-20T14:35:11+00:00,
MOM30IETF,,,,,,,,,2026-09-20T14:35:11+00:00,
MOM50,,,,,,,,,2026-09-20T14:35:11+00:00,
MOMENTUM,,,,,,,,,2026-09-20T14:35:11+00:00,
MOMENTUM30,,,,,,,,,2026-09-20T14:35:11+00:00,
MOMENTUM50,,,,,,,,,2026-09-20T14:35:11+00:00,
MOMETAL,,,,,,,,,2026-09-20T14:35:11+00:00,
MOMGF,,,,,,,,,2026-09-20T14:35:11+00:00,
MOMIDMTM,,,,,,,,,2026-09-20T14:35:11+00:00,
MOMMIDCAP,,,,,,,,,2026-09-20T14:35:11+00:00,
MOMNC,,,,,,,,,2026-09-20T14:35:11+00:00,
MOMOMENTUM,,,,,,,,,2026-09-20T14:35:11+00:00,
MON100,,,,,,,,,2026-09-20T14:35:11+00:00,
MON50EQUAL,,,,,,,,,2026-09-20T14:35:11+00:00,
MONEXT50,,,,,,,,,2026-09-20T14:35:11+00:00,
MONIFTY100,,,,,,,,,2026-09-20T14:35:11+00:00,
MONIFTY500,,,,,,,,,2026-09-20T14:35:11+00:00,
MONQ50,,,,,,,,,2026-09-20T14:35:11+00:00,
MOOILGAS,,,,,,,,,2026-09-20T14:35:11+00:00,
MOPSE,,,,,,,,,2026-09-20T14:35:11+00:00,
MOQUALITY,,,,,,,,,2026-09-20T14:35:11+00:00,
MOREALTY,,,,,,,,,2026-09-20T14:35:11+00:00,
MOSERVICE,,,,,,,,,2026-09-20T14:35:11+00:00,
MOSILVER,,,,,,,,,2026-09-20T14:35:11+00:00,
MOSMALL250,,,,,,,,,2026-09-20T14:35:11+00:00,
MOTOUR,,,,,,,,,2026-09-20T14:35:11+00:00,
MOVALUE,,,,,,,,,2026-09-20T14:35:11+00:00,
MSCI360,,,,,,,,,2026-09-20T14:35:11+00:00,
MSCIADD,,,,,,,,,2026-09-20T14:35:11+00:00,
MSCIINDIA,,,,,,,,,2026-09-20T14:35:11+00:00,
MULTICAP,,,,,,,,,2026-09-20T14:35:11+00:00,
NETF,,,,,,,,,2026-09-20T14:35:11+00:00,
NEXT30ADD,,,,,,,,,2026-09-20T14:35:11+00:00,
NEXT50,,,,,,,,,2026-09-20T14:35:11+00:00,
NEXT50ADD,,,,,,,,,2026-09-20T14:35:11+00:00,
NEXT50BETA,,,,,,,,,2026-09-20T14:35:11+00:00,
NEXT50ETF,,,,,,,,,2026-09-20T14:35:11+00:00,
NEXT50IETF,,,,,,,,,2026-09-20T14:35:11+00:00,
NIF100BEES,,,,,,,,,2026-09-20T14:35:11+00:00,
NIF100IETF,,,,,,,,,2026-09-20T14:35:11+00:00,
NIF500BETA,,,,,,,,,2026-09-20T14:35:11+00:00,
NIFTY1,,,,,,,,,2026-09-20T14:35:11+00:00,
NIFTY100EW,,,,,,,,,2026-09-20T14:35:11+00:00,
NIFTYADD,,,,,,,,,2026-09-20T14:35:11+00:00,
NIFTYAXIS,,,,,,,,,2026-09-20T14:35:11+00:00,
NIFTYBEES,,,,,,,,,2026-09-20T14:35:11+00:00,
NIFTYBETA,,,,,,,,,2026-09-20T14:35:11+00:00,
NIFTYBETF,,,,,,,,,2026-09-20T14:35:11+00:00,
NIFTYCASE,,,,,,,,,2026-09-20T14:35:11+00:00,
NIFTYETF,,,,,,,,,2026-09-20T14:35:11+00:00,
NIFTYIETF,,,,,,,,,2026-09-20T14:35:11+00:00,
NIFTYJBLK,,,,,,,,,2026-09-20T14:35:11+00:00,
NIFTYQLITY,,,,,,,,,2026-09-20T14:35:11+00:00,
NPBET,,,,,,,,,2026-09-20T14:35:11+00:00,
NV20,,,,,,,,,2026-09-20T14:35:11+00:00,
NV20BEES,,,,,,,,,2026-09-20T14:35:11+00:00,
NV20IETF,,,,,,,,,2026-09-20T14:35:11+00:00,
OILIETF,,,,,,,,,2026-09-20T14:35:11+00:00,
PHARMABEES,,,,,,,,,2026-09-20T14:35:11+00:00,
PSUBANK,,,,,,,,,2026-09-20T14:35:11+00:00,
PSUBANKADD,,,,,,,,,2026-09-20T14:35:11+00:00,
PSUBNKBEES,,,,,,,,,2026-09-20T14:35:11+00:00,
PSUBNKIETF,,,,,,,,,2026-09-20T14:35:11+00:00,
PVTBANIETF,,,,,,,,,2026-09-20T14:35:11+00:00,
PVTBANK,,,,,,,,,2026-09-20T14:35:11+00:00,
PVTBANKADD,,,,,,,,,2026-09-20T14:35:11+00:00,
PVTBKGROWW,,,,,,,,,2026-09-20T14:35:11+00:00,
QGOLDHALF,,,,,,,,,2026-09-20T14:35:11+00:00,
QNIFTY,,,,,,,,,2026-09-20T14:35:11+00:00,
QUAL30IETF,,,,,,,,,2026-09-20T14:35:11+00:00,
QUALITY30,,,,,,,,,2026-09-20T14:35:11+00:00,
SBIBPB,,,,,,,,,2026-09-20T14:35:11+00:00,
SBIETFCON,,,,,,,,,2026-09-20T14:35:11+00:00,
SBIETFIT,,,,,,,,,2026-09-20T14:35:11+00:00,
SBIETFPB,,,,,,,,,2026-09-20T14:35:11+00:00,
SBIETFQLTY,,,,,,,,,2026-09-20T14:35:11+00:00,
SBIMIDMOM,,,,,,,,,2026-09-20T14:35:11+00:00,
SBINEQWETF,,,,,,,,,2026-09-20T14:35:11+00:00,
SBINMID150,,,,,,,,,2026-09-20T14:35:11+00:00,
SBISILVER,,,,,,,,,2026-09-20T14:35:11+00:00,
SBISMLETF,,,,,,,,,2026-09-20T14:35:11+00:00,
SBIVALETF,,,,,,,,,2026-09-20T14:35:11+00:00,
SELECTIPO,,,,,,,,,2026-09-20T14:35:11+00:00,
SENSEXADD,,,,,,,,,2026-09-20T14:35:11+00:00,
SENSEXAXIS,,,,,,,,,2026-09-20T14:35:11+00:00,
SENSEXBETA,,,,,,,,,2026-09-20T14:35:11+00:00,
SENSEXETF,,,,,,,,,2026-09-20T14:35:11+00:00,
SENSEXIETF,,,,,,,,,2026-09-20T14:35:11+00:00,
SETFGOLD,,,,,,,,,2026-09-20T14:35:11+00:00,
SETFNIF50,,,,,,,,,2026-09-20T14:35:11+00:00,
SETFNIFBK,,,,,,,,,2026-09-20T14:35:11+00:00,
SETFNN50,,,,,,,,,2026-09-20T14:35:11+00:00,
SHARIABEES,,,,,,,,,2026-09-20T14:35:11+00:00,
SILVER,,,,,,,,,2026-09-20T14:35:11+00:00,
SILVER001,,,,,,,,,2026-09-20T14:35:11+00:00,
SILVER1,,,,,,,,,2026-09-20T14:35:11+00:00,
SILVER360,,,,,,,,,2026-09-20T14:35:11+00:00,
SILVERADD,,,,,,,,,2026-09-20T14:35:11+00:00,
SILVERAG,,,,,,,,,2026-09-20T14:35:11+00:00,
SILVERAXIS,,,,,,,,,2026-09-20T14:35:11+00:00,
SILVERBEES,,,,,,,,,2026-09-20T14:35:11+00:00,
SILVERBETA,,,,,,,,,2026-09-20T14:35:11+00:00,
SILVERBND,,,,,,,,,2026-09-20T14:35:11+00:00,
SILVERCASE,,,,,,,,,2026-09-20T14:35:11+00:00,
SILVERIETF,,,,,,,,,2026-09-20T14:35:11+00:00,
SMALL250,,,,,,,,,2026-09-20T14:35:11+00:00,
SMALLADD,,,,,,,,,2026-09-20T14:35:11+00:00,
SMALLCAP,,,,,,,,,2026-09-20T14:35:11+00:00,
SMALLGROWW,,,,,,,,,2026-09-20T14:35:11+00:00,
SMALLIETF,,,,,,,,,2026-09-20T14:35:11+00:00,
SML100CASE,,,,,,,,,2026-09-20T14:35:11+00:00,
SNXT30BEES,,,,,,,,,2026-09-20T14:35:11+00:00,
SNXT50BETA,,,,,,,,,2026-09-20T14:35:11+00:00,
TATAGOLD,,,,,,,,,2026-09-20T14:35:11+00:00,
TATSILV,,,,,,,,,2026-09-20T14:35:11+00:00,
TECH,,,,,,,,,2026-09-20T14:35:11+00:00,
TNIDETF,,,,,,,,,2026-09-20T14:35:11+00:00,
TOP100CASE,,,,,,,,,2026-09-20T14:35:11+00:00,
TOP10ADD,,,,,,,,,2026-09-20T14:35:11+00:00,
TOP15IETF,,,,,,,,,2026-09-20T14:35:11+00:00,
TOP20,,,,,,,,,2026-09-20T14:35:11+00:00,
TWCGOLDETF,,,,,,,,,2026-09-20T14:35:11+00:00,
UNIONGOLD,,,,,,,,,2026-09-20T14:35:11+00:00,
VAL30IETF,,,,,,,,,2026-09-20T14:35:11+00:00,
VALUE,,,,,,,,,2026-09-20T14:35:11+00:00,
VALUEAXIS,,,,,,,,,2026-09-20T14:35:11+00:00,
