SYMBOL,NSE_CATEGORY,NSE_SUB_CATEGORY,ATOM_BUCKET,TIER2_GROUP,TIER1_INDEX,VOLUME,LIQUID,TRADABLE,HARVEST_PEERS_TIER1,HARVEST_PEERS_TIER2,HARVEST_VIABLE,LTP,NAV,I_NAV,NOTE
TATAGOLD,COMMODITY,GOLD,COMMODITY,GOLD,GOLD,37551457,YES,YES,16,16,TIER1,14.63,14.69,14.56,
GOLDBEES,COMMODITY,GOLD,COMMODITY,GOLD,GOLD,22769280,YES,YES,16,16,TIER1,124.41,124.93,124.52,
GOLDCASE,COMMODITY,GOLD,COMMODITY,GOLD,GOLD,7572400,YES,YES,16,16,TIER1,23.69,23.79,23.68,
GOLDIETF,COMMODITY,GOLD,COMMODITY,GOLD,GOLD,6497359,YES,YES,16,16,TIER1,128.84,129.42,128.38,
SETFGOLD,COMMODITY,GOLD,COMMODITY,GOLD,GOLD,4118582,YES,YES,16,16,TIER1,128.31,128.85,128.34,
HDFCGOLD,COMMODITY,GOLD,COMMODITY,GOLD,GOLD,3431561,YES,YES,16,16,TIER1,128.61,129.12,127.96,
GOLDAXIS,COMMODITY,GOLD,COMMODITY,GOLD,GOLD,2563650,YES,YES,16,16,TIER1,125.22,125.88,123.96,
GROWWGOLD,COMMODITY,GOLD,COMMODITY,GOLD,GOLD,2353265,YES,YES,16,16,TIER1,14.69,14.76,14.70,
GOLDADD,COMMODITY,GOLD,COMMODITY,GOLD,GOLD,2316676,YES,YES,16,16,TIER1,14.59,14.68,14.64,
GOLD1,COMMODITY,GOLD,COMMODITY,GOLD,GOLD,2124653,YES,YES,16,16,TIER1,125.59,126.15,125.22,
GOLDETF,COMMODITY,GOLD,COMMODITY,GOLD,GOLD,821154,YES,YES,16,16,TIER1,146.38,146.94,146.19,
EGOLD,COMMODITY,GOLD,COMMODITY,GOLD,GOLD,634380,YES,YES,16,16,TIER1,150.55,151.01,146.16,
GOLDBETA,COMMODITY,GOLD,COMMODITY,GOLD,GOLD,620720,YES,YES,16,16,TIER1,126.80,127.20,-,
AONEGOLD,COMMODITY,GOLD,COMMODITY,GOLD,GOLD,439629,YES,YES,16,16,TIER1,14.02,14.12,14.16,
BSLGOLDETF,COMMODITY,GOLD,COMMODITY,GOLD,GOLD,290109,YES,YES,16,16,TIER1,132.51,132.95,132.53,
QGOLDHALF,COMMODITY,GOLD,COMMODITY,GOLD,GOLD,165964,YES,YES,16,16,TIER1,124.64,125.24,124.86,
LICMFGOLD,COMMODITY,GOLD,COMMODITY,GOLD,GOLD,151724,YES,YES,16,16,TIER1,134.60,-,134.42,
IVZINGOLD,COMMODITY,GOLD,COMMODITY,GOLD,GOLD,47400,NO,NO,0,0,NO,130.85,131.42,130.82,
HSBCGOLD,COMMODITY,GOLD,COMMODITY,GOLD,GOLD,27776,NO,NO,0,0,NO,130.56,131.49,131.23,
GOLDBND,COMMODITY,GOLD,COMMODITY,GOLD,GOLD,27534,NO,NO,0,0,NO,150.49,150.95,151.23,
MOGOLD,COMMODITY,GOLD,COMMODITY,GOLD,GOLD,15719,NO,NO,0,0,NO,148.85,149.45,148.93,
CHOICEGOLD,COMMODITY,GOLD,COMMODITY,GOLD,GOLD,4383,NO,NO,0,0,NO,149.57,150.04,149.58,
GOLD360,COMMODITY,GOLD,COMMODITY,GOLD,GOLD,3813,NO,NO,0,0,NO,146.55,147.54,-,
TWCGOLDETF,COMMODITY,GOLD,COMMODITY,GOLD,GOLD,2812,NO,NO,0,0,NO,149.82,150.36,150.36,
BBNPPGOLD,COMMODITY,GOLD,COMMODITY,GOLD,GOLD,2777,NO,NO,0,0,NO,145.85,146.30,146.30,
UNIONGOLD,COMMODITY,GOLD,COMMODITY,GOLD,GOLD,1789,NO,NO,0,0,NO,146.85,147.92,146.53,
TATSILV,COMMODITY,SILVER,COMMODITY,SILVER,SILVER,33319083,YES,YES,13,13,TIER1,22.01,22.23,21.95,
SILVERBEES,COMMODITY,SILVER,COMMODITY,SILVER,SILVER,13737345,YES,YES,13,13,TIER1,216.69,218.94,216.21,
SILVER1,COMMODITY,SILVER,COMMODITY,SILVER,SILVER,13186412,YES,YES,13,13,TIER1,21.96,22.22,22.00,
SILVERCASE,COMMODITY,SILVER,COMMODITY,SILVER,SILVER,5225578,YES,YES,13,13,TIER1,22.98,23.21,22.95,
SILVERADD,COMMODITY,SILVER,COMMODITY,SILVER,SILVER,4411434,YES,YES,13,13,TIER1,21.81,22.08,21.86,
HDFCSILVER,COMMODITY,SILVER,COMMODITY,SILVER,SILVER,2385099,YES,YES,13,13,TIER1,216.41,218.83,216.01,
SILVERIETF,COMMODITY,SILVER,COMMODITY,SILVER,SILVER,2238306,YES,YES,13,13,TIER1,226.30,228.60,225.40,
GROWWSLVR,COMMODITY,SILVER,COMMODITY,SILVER,SILVER,1344345,YES,YES,13,13,TIER1,22.17,22.44,22.20,
SBISILVER,COMMODITY,SILVER,COMMODITY,SILVER,SILVER,817072,YES,YES,13,13,TIER1,222.25,224.37,221.83,
SILVERBETA,COMMODITY,SILVER,COMMODITY,SILVER,SILVER,763766,YES,YES,13,13,TIER1,218.40,221.04,-,
SILVER,COMMODITY,SILVER,COMMODITY,SILVER,SILVER,521415,YES,YES,13,13,TIER1,226.51,228.66,226.05,
AONESILVER,COMMODITY,SILVER,COMMODITY,SILVER,SILVER,354829,YES,YES,13,13,TIER1,8.68,8.75,8.77,
SILVERAG,COMMODITY,SILVER,COMMODITY,SILVER,SILVER,296566,YES,YES,13,13,TIER1,220.40,222.90,219.88,
SILVERAXIS,COMMODITY,SILVER,COMMODITY,SILVER,SILVER,265264,YES,YES,13,13,TIER1,225.46,227.62,223.64,
ESILVER,COMMODITY,SILVER,COMMODITY,SILVER,SILVER,87265,NO,NO,0,0,NO,226.00,228.64,220.97,
MOSILVER,COMMODITY,SILVER,COMMODITY,SILVER,SILVER,21273,NO,NO,0,0,NO,224.39,226.31,224.12,
SILVER001,COMMODITY,SILVER,COMMODITY,SILVER,SILVER,15756,NO,NO,0,0,NO,22.94,23.13,22.95,
SILVER360,COMMODITY,SILVER,COMMODITY,SILVER,SILVER,5530,NO,NO,0,0,NO,223.88,225.26,-,
SILVERBND,COMMODITY,SILVER,COMMODITY,SILVER,SILVER,5427,NO,NO,0,0,NO,226.75,229.54,228.20,
LIQUIDCASE,DEBT,Overnight ETFs and Liquid ETF,EXCLUDED,DEBT,OVERNIGHTS AND LIQUID,25771011,YES,NO,0,0,NO,115.96,115.94,115.95,debt/liquid — never traded (D-015)
LIQUIDBEES,DEBT,Overnight ETFs and Liquid ETF,EXCLUDED,DEBT,OVERNIGHTS AND LIQUID,2962685,YES,NO,0,0,NO,"1,000.01","1,000.00","1,000.00",debt/liquid — never traded (D-015)
LIQUID1,DEBT,Overnight ETFs and Liquid ETF,EXCLUDED,DEBT,OVERNIGHTS AND LIQUID,1080738,YES,NO,0,0,NO,"1,122.95","1,122.80","1,122.95",debt/liquid — never traded (D-015)
LIQGRWBEES,DEBT,Overnight ETFs and Liquid ETF,EXCLUDED,DEBT,OVERNIGHTS AND LIQUID,440338,YES,NO,0,0,NO,"1,055.79","1,055.65","1,055.78",debt/liquid — never traded (D-015)
LIQUIDIETF,DEBT,Overnight ETFs and Liquid ETF,EXCLUDED,DEBT,OVERNIGHTS AND LIQUID,368412,YES,NO,0,0,NO,"1,000.00","1,000.00","1,000.00",debt/liquid — never traded (D-015)
LTGILTBEES,DEBT,GSECS/GILT,EXCLUDED,DEBT,GSECS/GILT,340430,YES,NO,0,0,NO,29.68,29.72,29.71,debt/liquid — never traded (D-015)
LIQUIDADD,DEBT,Overnight ETFs and Liquid ETF,EXCLUDED,DEBT,OVERNIGHTS AND LIQUID,284924,YES,NO,0,0,NO,"1,145.03","1,144.89","1,145.03",debt/liquid — never traded (D-015)
LIQUID,DEBT,Overnight ETFs and Liquid ETF,EXCLUDED,DEBT,OVERNIGHTS AND LIQUID,250770,YES,NO,0,0,NO,999.99,"1,000.00","1,000.00",debt/liquid — never traded (D-015)
CASHIETF,DEBT,Overnight ETFs and Liquid ETF,EXCLUDED,DEBT,OVERNIGHTS AND LIQUID,228889,YES,NO,0,0,NO,"1,079.82","1,079.69","1,079.83",debt/liquid — never traded (D-015)
LIQUIDBETF,DEBT,Overnight ETFs and Liquid ETF,EXCLUDED,DEBT,OVERNIGHTS AND LIQUID,228189,YES,NO,0,0,NO,"1,099.07","1,098.93",-,debt/liquid — never traded (D-015)
GROWWLIQID,DEBT,Overnight ETFs and Liquid ETF,EXCLUDED,DEBT,OVERNIGHTS AND LIQUID,154650,YES,NO,0,0,NO,110.78,110.76,110.78,debt/liquid — never traded (D-015)
LTGILTCASE,DEBT,GSECS/GILT,EXCLUDED,DEBT,GSECS/GILT,152684,YES,NO,0,0,NO,30.27,30.27,30.24,debt/liquid — never traded (D-015)
LIQUIDPLUS,DEBT,Overnight ETFs and Liquid ETF,EXCLUDED,DEBT,OVERNIGHTS AND LIQUID,148108,YES,NO,0,0,NO,"1,103.46","1,103.33","1,103.47",debt/liquid — never traded (D-015)
GILT5YBEES,DEBT,GSECS/GILT,EXCLUDED,DEBT,GSECS/GILT,114991,YES,NO,0,0,NO,65.82,65.81,65.75,debt/liquid — never traded (D-015)
SBILIQETF,DEBT,Overnight ETFs and Liquid ETF,EXCLUDED,DEBT,OVERNIGHTS AND LIQUID,96438,NO,NO,0,0,NO,"1,056.20","1,056.08","1,056.21",debt/liquid — never traded (D-015)
LIQUIDETF,DEBT,Overnight ETFs and Liquid ETF,EXCLUDED,DEBT,OVERNIGHTS AND LIQUID,71901,NO,NO,0,0,NO,"1,000.00","1,000.00","1,000.00",debt/liquid — never traded (D-015)
ELIQUID,DEBT,Overnight ETFs and Liquid ETF,EXCLUDED,DEBT,OVERNIGHTS AND LIQUID,32327,NO,NO,0,0,NO,"1,048.00","1,047.86",-,debt/liquid — never traded (D-015)
LIQUIDSBI,DEBT,Overnight ETFs and Liquid ETF,EXCLUDED,DEBT,OVERNIGHTS AND LIQUID,14603,NO,NO,0,0,NO,"1,000.01","1,000.00","1,000.00",debt/liquid — never traded (D-015)
AONELIQUID,DEBT,Overnight ETFs and Liquid ETF,EXCLUDED,DEBT,OVERNIGHTS AND LIQUID,14434,NO,NO,0,0,NO,"1,077.17","1,077.02","1,077.02",debt/liquid — never traded (D-015)
HDFCLIQUID,DEBT,Overnight ETFs and Liquid ETF,EXCLUDED,DEBT,OVERNIGHTS AND LIQUID,14392,NO,NO,0,0,NO,"1,078.19",-,"1,078.19",debt/liquid — never traded (D-015)
ABSLLIQUID,DEBT,Overnight ETFs and Liquid ETF,EXCLUDED,DEBT,OVERNIGHTS AND LIQUID,12180,NO,NO,0,0,NO,"1,000.01","1,000.00","1,000.00",debt/liquid — never traded (D-015)
LIQUIDSHRI,DEBT,Overnight ETFs and Liquid ETF,EXCLUDED,DEBT,OVERNIGHTS AND LIQUID,11007,NO,NO,0,0,NO,"1,121.72","1,121.59","1,121.73",debt/liquid — never traded (D-015)
EBBETF0430,DEBT,Bond,EXCLUDED,DEBT,BOND,7020,NO,NO,0,0,NO,"1,607.69","1,609.57","1,610.12",debt/liquid — never traded (D-015)
GSEC10YEAR,DEBT,GSECS/GILT,EXCLUDED,DEBT,GSECS/GILT,5046,NO,NO,0,0,NO,30.35,30.24,30.24,debt/liquid — never traded (D-015)
EBBETF0431,DEBT,Bond,EXCLUDED,DEBT,BOND,3663,NO,NO,0,0,NO,"1,430.01","1,433.40","1,432.80",debt/liquid — never traded (D-015)
EBBETF0433,DEBT,Bond,EXCLUDED,DEBT,BOND,3052,NO,NO,0,0,NO,"1,302.01","1,303.08","1,304.22",debt/liquid — never traded (D-015)
LICNETFGSC,DEBT,GSECS/GILT,EXCLUDED,DEBT,GSECS/GILT,2724,NO,NO,0,0,NO,29.26,29.25,29.24,debt/liquid — never traded (D-015)
GSEC5IETF,DEBT,GSECS/GILT,EXCLUDED,DEBT,GSECS/GILT,2564,NO,NO,0,0,NO,65.62,65.94,65.93,debt/liquid — never traded (D-015)
SETF10GILT,DEBT,GSECS/GILT,EXCLUDED,DEBT,GSECS/GILT,1434,NO,NO,0,0,NO,261.38,262.79,262.72,debt/liquid — never traded (D-015)
BBETF0432,DEBT,Bond,EXCLUDED,DEBT,BOND,998,NO,NO,0,0,NO,"1,340.00","1,341.49","1,343.11",debt/liquid — never traded (D-015)
MOGSEC,DEBT,GSECS/GILT,EXCLUDED,DEBT,GSECS/GILT,670,NO,NO,0,0,NO,65.38,64.94,64.92,debt/liquid — never traded (D-015)
LIQUIDBETA,DEBT,Overnight ETFs and Liquid ETF,EXCLUDED,DEBT,OVERNIGHTS AND LIQUID,541,NO,NO,0,0,NO,"1,008.29","1,008.15","1,008.28",debt/liquid — never traded (D-015)
GILT5BETA,DEBT,GSECS/GILT,EXCLUDED,DEBT,GSECS/GILT,269,NO,NO,0,0,NO,66.59,65.98,65.96,debt/liquid — never traded (D-015)
GSEC10IETF,DEBT,GSECS/GILT,EXCLUDED,DEBT,GSECS/GILT,53,NO,NO,0,0,NO,263.89,262.32,262.31,debt/liquid — never traded (D-015)
GILT10BETA,DEBT,GSECS/GILT,EXCLUDED,DEBT,GSECS/GILT,50,NO,NO,0,0,NO,26.65,26.40,26.40,debt/liquid — never traded (D-015)
ABGSEC,DEBT,GSECS/GILT,EXCLUDED,DEBT,GSECS/GILT,39,NO,NO,0,0,NO,113.07,113.63,113.67,debt/liquid — never traded (D-015)
GSEC10ABSL,DEBT,GSECS/GILT,EXCLUDED,DEBT,GSECS/GILT,5,NO,NO,0,0,NO,112.34,111.78,111.76,debt/liquid — never traded (D-015)
GSEC10ADD,DEBT,GSECS/GILT,EXCLUDED,DEBT,GSECS/GILT,0,NO,NO,0,0,NO,26.30,26.53,26.52,debt/liquid — never traded (D-015)
HYBRIDETF,Hybrid,Equity/Debt,EXCLUDED,HYBRID,EQUITY/DEBT,19385,NO,NO,0,0,NO,9.94,9.86,-,hybrid equity/debt — excluded (D-077)
ALPHAETF,EQUITY,Nifty 200 Alpha 30,FACTOR,ALPHA_LARGECAP200,200 ALPHA 30,738021,YES,YES,0,0,NO,26.00,25.71,26.03,factor split by cap segment (Q-202)
ALPHA,EQUITY,NIFTY Alpha 50,FACTOR,ALPHA_LARGECAP50,ALPHA 50,786376,YES,YES,0,0,NO,53.04,52.37,52.92,factor split by cap segment (Q-202)
MOALPHA50,EQUITY,Nifty Alpha 50,FACTOR,ALPHA_LARGECAP50,ALPHA 50,2418,NO,NO,0,0,NO,55.07,54.35,54.78,factor split by cap segment (Q-202)
DIVIDEND,EQUITY,BSE 500 Dividend Leaders 50,FACTOR,DIVIDEND_BROAD500,500 DIVIDEND LEADERS 50,3816,NO,NO,0,0,NO,34.82,34.65,34.77,factor split by cap segment (Q-202)
DIVOPPBEES,EQUITY,Nifty Dividend Opportunities 50,FACTOR,DIVIDEND_LARGECAP50,DIVIDEND OPPORTUNITIES 50,16908,NO,NO,0,0,NO,75.19,74.51,74.68,factor split by cap segment (Q-202)
ELMDIV,EQUITY,BSE LargeMid (60:40) Stable Dividend 50,FACTOR,DIVIDEND_LARGEMID,LARGEMID (60:40) STABLE DIVIDEND 50,1592,NO,NO,0,0,NO,35.10,35.11,36.05,factor split by cap segment (Q-202)
LARGEMID50,EQUITY,BSE LargeMid (60:40) Stable Dividend 50,FACTOR,DIVIDEND_LARGEMID,LARGEMID (60:40) STABLE DIVIDEND 50,1283,NO,NO,0,0,NO,35.31,35.11,-,factor split by cap segment (Q-202)
NIFTY100EW,EQUITY,Nifty 100 Equal Weight,FACTOR,EQUAL_WEIGHT_LARGECAP100,100 EQUAL WEIGHT,37581,NO,NO,0,0,NO,34.27,33.80,34.07,factor split by cap segment (Q-202)
EQUAL200,EQUITY,BSE 200 Equal Weight,FACTOR,EQUAL_WEIGHT_LARGECAP200,200 EQUAL WEIGHT,41542,NO,NO,0,0,NO,13.44,11.31,-,factor split by cap segment (Q-202)
TOP10ADD,EQUITY,Nifty Top 10 Equal Weight,FACTOR,EQUAL_WEIGHT_LARGECAP50,TOP 10 EQUAL WEIGHT,453187,YES,YES,0,0,NO,85.50,85.08,85.09,factor split by cap segment (Q-202)
TOP20,EQUITY,Nifty Top 20 Equal Weight,FACTOR,EQUAL_WEIGHT_LARGECAP50,TOP 20 EQUAL WEIGHT,69451,NO,NO,0,0,NO,8.67,8.61,8.65,factor split by cap segment (Q-202)
TOP15IETF,EQUITY,Nifty Top 15 Equal Weight,FACTOR,EQUAL_WEIGHT_LARGECAP50,TOP 15 EQUAL WEIGHT,31445,NO,NO,0,0,NO,9.55,9.48,9.49,factor split by cap segment (Q-202)
SBINEQWETF,EQUITY,Nifty 50 Equal Weight,FACTOR,EQUAL_WEIGHT_LARGECAP50,50 EQUAL WEIGHT,15561,NO,NO,0,0,NO,32.59,32.18,32.41,factor split by cap segment (Q-202)
MON50EQUAL,EQUITY,NIFTY 50 Equal Weight,FACTOR,EQUAL_WEIGHT_LARGECAP50,50 EQUAL WEIGHT,6362,NO,NO,0,0,NO,32.40,32.12,-,factor split by cap segment (Q-202)
EQUAL50ADD,EQUITY,NIFTY 50 Equal Weight,FACTOR,EQUAL_WEIGHT_LARGECAP50,50 EQUAL WEIGHT,6248,NO,NO,0,0,NO,334.25,330.81,333.16,factor split by cap segment (Q-202)
EQUAL50,EQUITY,Nifty 50 Equal Weight,FACTOR,EQUAL_WEIGHT_LARGECAP50,50 EQUAL WEIGHT,528,NO,NO,0,0,NO,323.05,320.26,323.00,factor split by cap segment (Q-202)
ESG,EQUITY,Nifty 100 ESG Sector Leaders,FACTOR,ESG_LARGECAP100,100 ESG SECTOR LEADERS,26115,NO,NO,0,0,NO,40.05,39.83,40.07,factor split by cap segment (Q-202)
HDFCGROWTH,EQUITY,Nifty Growth Sectors 15,FACTOR,GROWTH_UNSPECIFIED,GROWTH SECTORS 15,7899,NO,NO,0,0,NO,115.80,114.92,115.14,factor split by cap segment (Q-202)
GROWWLOVOL,EQUITY,Nifty 500 Low Volatility 50,FACTOR,LOW_VOLATILITY_BROAD500,500 LOW VOLATILITY 50,11111,NO,NO,0,0,NO,10.06,10.04,10.11,factor split by cap segment (Q-202)
LOWVOLIETF,EQUITY,Nifty 100 Low Volatility 30,FACTOR,LOW_VOLATILITY_LARGECAP100,100 LOW VOLATILITY 30,472478,YES,YES,0,0,NO,21.31,21.32,21.42,factor split by cap segment (Q-202)
HDFCLOWVOL,EQUITY,Nifty 100 Low Volatility 30,FACTOR,LOW_VOLATILITY_LARGECAP100,100 LOW VOLATILITY 30,4264,NO,NO,0,0,NO,20.05,19.85,19.92,factor split by cap segment (Q-202)
LOWVOL1,EQUITY,NIFTY 100 Low Volatility 30,FACTOR,LOW_VOLATILITY_LARGECAP100,100 LOW VOLATILITY 30,3967,NO,NO,0,0,NO,20.32,20.33,20.41,factor split by cap segment (Q-202)
LOWVOL,EQUITY,Nifty 100 Low Volatility 30,FACTOR,LOW_VOLATILITY_LARGECAP100,100 LOW VOLATILITY 30,2030,NO,NO,0,0,NO,199.88,198.64,199.62,factor split by cap segment (Q-202)
ALPL30IETF,EQUITY,Nifty Alpha Low-Volatility 30,FACTOR,LOW_VOLATILITY_UNSPECIFIED,ALPHA LOW-VOLATILITY 30,894010,YES,YES,0,0,NO,26.93,26.89,27.07,factor split by cap segment (Q-202)
MOMENTUM50,EQUITY,Nifty 500 Momentum 50,FACTOR,MOMENTUM_BROAD500,500 MOMENTUM 50,239860,YES,YES,0,0,NO,53.25,52.46,53.17,factor split by cap segment (Q-202)
GROWWMOM50,EQUITY,Nifty 500 Momentum 50,FACTOR,MOMENTUM_BROAD500,500 MOMENTUM 50,71314,NO,NO,0,0,NO,10.84,10.62,10.76,factor split by cap segment (Q-202)
MOM30IETF,EQUITY,Nifty 200 Momentum 30,FACTOR,MOMENTUM_LARGECAP200,200 MOMENTUM 30,432970,YES,YES,3,3,TIER1,30.84,30.25,30.69,factor split by cap segment (Q-202)
MOMOMENTUM,EQUITY,Nifty 200 Momentum 30,FACTOR,MOMENTUM_LARGECAP200,200 MOMENTUM 30,211558,YES,YES,3,3,TIER1,60.69,60.14,61.00,factor split by cap segment (Q-202)
MOMENTUM30,EQUITY,Nifty 200 Momentum 30,FACTOR,MOMENTUM_LARGECAP200,200 MOMENTUM 30,171221,YES,YES,3,3,TIER1,29.98,29.71,30.13,factor split by cap segment (Q-202)
HDFCMOMENT,EQUITY,Nifty 200 Momentum 30,FACTOR,MOMENTUM_LARGECAP200,200 MOMENTUM 30,142609,YES,YES,3,3,TIER1,30.26,29.99,30.38,factor split by cap segment (Q-202)
MOMENTUM,EQUITY,Nifty 200 Momentum 30,FACTOR,MOMENTUM_LARGECAP200,200 MOMENTUM 30,35933,NO,NO,0,0,NO,30.47,30.09,30.51,factor split by cap segment (Q-202)
MOMMIDCAP,EQUITY,BSE Midcap 150 Momentum 30,FACTOR,MOMENTUM_MIDCAP,MIDCAP 150 MOMENTUM 30,1344900,YES,YES,0,1,TIER2,12.70,12.58,-,factor split by cap segment (Q-202)
SBIMIDMOM,EQUITY,Nifty Midcap 150 Momentum 50,FACTOR,MOMENTUM_MIDCAP,MIDCAP 150 MOMENTUM 50,106166,YES,YES,0,1,TIER2,62.82,61.74,62.48,factor split by cap segment (Q-202)
MOMIDMTM,EQUITY,Nifty Midcap 150 Momentum 50,FACTOR,MOMENTUM_MIDCAP,MIDCAP 150 MOMENTUM 50,79088,NO,NO,0,0,NO,63.01,62.53,-,factor split by cap segment (Q-202)
AONETMMQ50,EQUITY,Nifty Total Market Momentum Quality 50,FACTOR,MOMENTUM_QUALITY_BROAD500,TOTAL MARKET MOMENTUM QUALITY 50,69955,NO,NO,0,0,NO,10.15,10.00,10.00,factor split by cap segment (Q-202)
EMULTIMQ,EQUITY,Nifty 500 Multicap Momentum Quality 50,FACTOR,MOMENTUM_QUALITY_BROAD500,500 MULTICAP MOMENTUM QUALITY 50,17658,NO,NO,0,0,NO,41.39,40.43,40.68,factor split by cap segment (Q-202)
SMALLCAP,EQUITY,Nifty Smallcap 250 Momentum Quality 100,FACTOR,MOMENTUM_QUALITY_SMALLCAP,SMALLCAP 250 MOMENTUM QUALITY 100,1476596,YES,YES,0,1,TIER2,48.21,47.71,48.25,factor split by cap segment (Q-202)
MIDSMALL,EQUITY,Nifty MidSmallcap400 Momentum Quality 100,FACTOR,MOMENTUM_QUALITY_SMALLCAP,MIDSMALLCAP400 MOMENTUM QUALITY 100,135992,YES,YES,0,1,TIER2,50.69,50.24,50.86,factor split by cap segment (Q-202)
SMALLGROWW,EQUITY,Nifty Smallcap 250 Momentum Quality 100,FACTOR,MOMENTUM_QUALITY_SMALLCAP,SMALLCAP 250 MOMENTUM QUALITY 100,7927,NO,NO,0,0,NO,47.89,47.77,47.77,factor split by cap segment (Q-202)
FLEXIADD,EQUITY,Nifty 500 Flexicap Quality 30,FACTOR,QUALITY_BROAD500,500 FLEXICAP QUALITY 30,124615,YES,YES,0,0,NO,9.77,9.65,9.72,factor split by cap segment (Q-202)
HDFCQUAL,EQUITY,Nifty 100 Quality 30,FACTOR,QUALITY_LARGECAP100,100 QUALITY 30,8797,NO,NO,0,0,NO,56.54,56.56,56.86,factor split by cap segment (Q-202)
NIFTYQLITY,EQUITY,Nifty 200 Quality 30,FACTOR,QUALITY_LARGECAP200,200 QUALITY 30,121631,YES,YES,0,0,NO,20.60,20.47,20.55,factor split by cap segment (Q-202)
QUAL30IETF,EQUITY,Nifty 200 Quality 30,FACTOR,QUALITY_LARGECAP200,200 QUALITY 30,23099,NO,NO,0,0,NO,20.45,20.27,20.35,factor split by cap segment (Q-202)
QUALITY30,EQUITY,Nifty 200 Quality 30,FACTOR,QUALITY_LARGECAP200,200 QUALITY 30,1924,NO,NO,0,0,NO,19.85,19.87,19.97,factor split by cap segment (Q-202)
SBIETFQLTY,EQUITY,Nifty 200 Quality 30,FACTOR,QUALITY_LARGECAP200,200 QUALITY 30,1903,NO,NO,0,0,NO,215.01,213.12,213.98,factor split by cap segment (Q-202)
MIDQ50ADD,EQUITY,Nifty Midcap 150 Quality 50,FACTOR,QUALITY_MIDCAP,MIDCAP 150 QUALITY 50,8990,NO,NO,0,0,NO,24.20,23.96,24.16,factor split by cap segment (Q-202)
MOQUALITY,EQUITY,BSE Quality,FACTOR,QUALITY_UNSPECIFIED,QUALITY,378,NO,NO,0,0,NO,193.52,192.08,193.19,factor split by cap segment (Q-202)
SHARIABEES,EQUITY,Nifty 50 Shariah,FACTOR,SHARIAH_LARGECAP50,50 SHARIAH,5890,NO,NO,0,0,NO,443.75,438.18,440.05,factor split by cap segment (Q-202)
VALUEAXIS,EQUITY,Nifty 500 Value 50,FACTOR,VALUE_BROAD500,500 VALUE 50,40405,NO,NO,0,0,NO,32.00,31.98,32.11,factor split by cap segment (Q-202)
VALUE,EQUITY,Nifty 500 Value 50,FACTOR,VALUE_BROAD500,500 VALUE 50,5339,NO,NO,0,0,NO,15.76,15.71,15.78,factor split by cap segment (Q-202)
VAL30IETF,EQUITY,Nifty 200 Value 30,FACTOR,VALUE_LARGECAP200,200 VALUE 30,158592,YES,YES,0,0,NO,14.90,14.80,14.83,factor split by cap segment (Q-202)
SBIVALETF,EQUITY,Nifty 200 Value 30,FACTOR,VALUE_LARGECAP200,200 VALUE 30,855,NO,NO,0,0,NO,14.35,14.37,14.40,factor split by cap segment (Q-202)
NV20IETF,EQUITY,Nifty 50 Value 20,FACTOR,VALUE_LARGECAP50,50 VALUE 20,337403,YES,YES,0,0,NO,13.27,13.20,13.19,factor split by cap segment (Q-202)
NV20,EQUITY,Nifty 50 Value 20,FACTOR,VALUE_LARGECAP50,50 VALUE 20,45776,NO,NO,0,0,NO,13.57,13.53,13.53,factor split by cap segment (Q-202)
NV20BEES,EQUITY,Nifty 50 Value 20,FACTOR,VALUE_LARGECAP50,50 VALUE 20,15612,NO,NO,0,0,NO,136.12,135.45,135.36,factor split by cap segment (Q-202)
HDFCVALUE,EQUITY,Nifty 50 Value 20,FACTOR,VALUE_LARGECAP50,50 VALUE 20,5105,NO,NO,0,0,NO,122.22,121.85,121.76,factor split by cap segment (Q-202)
MOVALUE,EQUITY,BSE Enhanced Value,FACTOR,VALUE_UNSPECIFIED,ENHANCED VALUE,34522,NO,NO,0,0,NO,109.97,110.06,110.53,factor split by cap segment (Q-202)
MONQ50,GLOBAL INDICES,GLOBAL INDICES,GLOBAL,GLOBAL_INDICES,GLOBAL INDICES,2080987,YES,YES,4,4,TIER1,330.33,116.69,116.81,structural NAV premium — see NAV-PREMIUM-CHECK.md
MON100,GLOBAL INDICES,GLOBAL INDICES,GLOBAL,GLOBAL_INDICES,GLOBAL INDICES,1275524,YES,YES,4,4,TIER1,322.85,271.53,271.80,structural NAV premium — see NAV-PREMIUM-CHECK.md
MASPTOP50,GLOBAL INDICES,GLOBAL INDICES,GLOBAL,GLOBAL_INDICES,GLOBAL INDICES,1126886,YES,YES,4,4,TIER1,104.80,66.66,67.22,structural NAV premium — see NAV-PREMIUM-CHECK.md
MAHKTECH,GLOBAL INDICES,GLOBAL INDICES,GLOBAL,GLOBAL_INDICES,GLOBAL INDICES,1036306,YES,YES,4,4,TIER1,21.90,17.81,17.71,structural NAV premium — see NAV-PREMIUM-CHECK.md
MAFANG,GLOBAL INDICES,GLOBAL INDICES,GLOBAL,GLOBAL_INDICES,GLOBAL INDICES,651437,YES,YES,4,4,TIER1,238.90,173.63,175.07,structural NAV premium — see NAV-PREMIUM-CHECK.md
HNGSNGBEES,GLOBAL INDICES,GLOBAL INDICES,GLOBAL,GLOBAL_INDICES,GLOBAL INDICES,69972,NO,NO,0,0,NO,463.01,450.28,448.21,structural NAV premium — see NAV-PREMIUM-CHECK.md
HDFCBSE500,EQUITY,BSE 500,INDEX,BROAD_MARKET_500,500,666863,YES,YES,1,2,TIER1,36.64,36.26,36.43,
MONIFTY500,EQUITY,Nifty 500,INDEX,BROAD_MARKET_500,500,505785,YES,YES,1,2,TIER1,23.25,23.07,23.21,
AONETOTAL,EQUITY,Nifty Total Market,INDEX,BROAD_MARKET_500,TOTAL MARKET,105305,YES,YES,0,2,TIER2,11.67,11.54,11.54,
BSE500IETF,EQUITY,BSE 500,INDEX,BROAD_MARKET_500,500,79176,NO,NO,0,0,NO,38.40,38.16,38.34,
MULTICAP,EQUITY,Nifty 500 Multicap 50:25:25,INDEX,BROAD_MARKET_500,500 MULTICAP 50:25:25,48266,NO,NO,0,0,NO,16.36,16.23,16.36,
NIF500BETA,EQUITY,Nifty 500,INDEX,BROAD_MARKET_500,500,3339,NO,NO,0,0,NO,36.48,36.25,36.45,
SELECTIPO,EQUITY,BSE Select IPO,INDEX,IPO_THEME,SELECT IPO,24630,NO,NO,0,0,NO,47.49,47.30,47.68,
MOIPO,EQUITY,BSE Select IPO,INDEX,IPO_THEME,SELECT IPO,4203,NO,NO,0,0,NO,49.89,47.32,47.18,
NIFTYBEES,EQUITY,Nifty 50,INDEX,LARGECAP_50,50,4732947,YES,YES,6,6,TIER1,266.36,264.82,265.42,
BSLNIFTY,EQUITY,Nifty 50,INDEX,LARGECAP_50,50,989867,YES,YES,6,6,TIER1,27.40,27.25,27.31,
NIFTYCASE,EQUITY,Nifty 50,INDEX,LARGECAP_50,50,705543,YES,YES,6,6,TIER1,9.35,9.33,9.35,
GROWWNIFTY,EQUITY,Nifty 50,INDEX,LARGECAP_50,50,665258,YES,YES,6,6,TIER1,9.45,9.39,9.41,
SETFNIF50,EQUITY,Nifty 50,INDEX,LARGECAP_50,50,487492,YES,YES,6,6,TIER1,251.99,250.27,250.84,
NIFTYIETF,EQUITY,Nifty 50,INDEX,LARGECAP_50,50,254440,YES,YES,6,6,TIER1,265.25,263.47,264.34,
NIFTYETF,EQUITY,Nifty 50,INDEX,LARGECAP_50,50,120788,YES,YES,6,6,TIER1,253.07,252.85,254.18,
HDFCNIFTY,EQUITY,Nifty 50,INDEX,LARGECAP_50,50,91285,NO,NO,0,0,NO,263.44,261.95,262.54,
AONENIFTY,EQUITY,Nifty 50,INDEX,LARGECAP_50,50,87123,NO,NO,0,0,NO,9.64,9.60,9.60,
NIFTYJBLK,EQUITY,Nifty 50,INDEX,LARGECAP_50,50,86852,NO,NO,0,0,NO,12.00,11.91,11.92,
NIFTY1,EQUITY,Nifty 50,INDEX,LARGECAP_50,50,56430,NO,NO,0,0,NO,259.20,257.97,259.63,
HDFCSENSEX,EQUITY,BSE Sensex,INDEX,LARGECAP_50,SENSEX,27969,NO,NO,0,0,NO,84.50,84.42,84.43,
NIFTYBETA,EQUITY,Nifty 50,INDEX,LARGECAP_50,50,25000,NO,NO,0,0,NO,259.27,257.72,258.30,
SENSEXETF,EQUITY,BSE Sensex,INDEX,LARGECAP_50,SENSEX,20812,NO,NO,0,0,NO,76.91,76.79,77.05,
BSLSENETFG,EQUITY,BSE SENSEX,INDEX,LARGECAP_50,SENSEX,17545,NO,NO,0,0,NO,75.05,75.03,75.04,
QNIFTY,EQUITY,Nifty 50,INDEX,LARGECAP_50,50,11686,NO,NO,0,0,NO,257.00,255.84,256.43,
NIFTYAXIS,EQUITY,Nifty 50,INDEX,LARGECAP_50,50,9997,NO,NO,0,0,NO,258.50,257.28,257.56,
SENSEXIETF,EQUITY,BSE Sensex,INDEX,LARGECAP_50,SENSEX,5540,NO,NO,0,0,NO,855.10,855.69,856.67,
NIFTYADD,EQUITY,Nifty 50,INDEX,LARGECAP_50,50,4220,NO,NO,0,0,NO,246.92,244.88,245.44,
MOM50,EQUITY,Nifty 50,INDEX,LARGECAP_50,50,2526,NO,NO,0,0,NO,243.50,243.37,244.17,
NIFTYBETF,EQUITY,Nifty 50,INDEX,LARGECAP_50,50,1812,NO,NO,0,0,NO,240.46,239.19,239.74,
SENSEXBETA,EQUITY,BSE Sensex,INDEX,LARGECAP_50,SENSEX,1761,NO,NO,0,0,NO,832.00,824.50,825.37,
IVZSENSEX,EQUITY,BSE Sensex,INDEX,LARGECAP_50,SENSEX,1385,NO,NO,0,0,NO,74.60,74.38,-,
NETF,EQUITY,Nifty 50,INDEX,LARGECAP_50,50,1110,NO,NO,0,0,NO,252.00,252.98,253.49,
IDFNIFTYET,EQUITY,Nifty 50,INDEX,LARGECAP_50,50,1001,NO,NO,0,0,NO,257.00,256.81,257.40,
ENIFTY,EQUITY,Nifty 50,INDEX,LARGECAP_50,50,975,NO,NO,0,0,NO,23.49,23.42,23.46,
SENSEXAXIS,EQUITY,BSE Sensex,INDEX,LARGECAP_50,SENSEX,602,NO,NO,0,0,NO,77.25,77.22,77.23,
IVZINNIFTY,EQUITY,Nifty 50,INDEX,LARGECAP_50,50,573,NO,NO,0,0,NO,267.52,266.56,267.17,
SENSEXADD,EQUITY,BSE Sensex,INDEX,LARGECAP_50,SENSEX,414,NO,NO,0,0,NO,76.96,76.75,76.76,
ESENSEX,EQUITY,BSE Sensex,INDEX,LARGECAP_50,SENSEX,298,NO,NO,0,0,NO,75.16,74.90,74.87,
LICNETFN50,EQUITY,Nifty 50,INDEX,LARGECAP_50,50,144,NO,NO,0,0,NO,260.54,260.74,261.83,
LICNETFSEN,EQUITY,BSE Sensex,INDEX,LARGECAP_50,SENSEX,0,NO,NO,0,0,NO,841.79,840.45,841.33,
ELM250,EQUITY,Nifty LargeMidcap 250,INDEX,LARGEMIDCAP,LARGEMIDCAP 250,32891,NO,NO,0,0,NO,16.19,16.06,16.05,
MIDCAPETF,EQUITY,Nifty Midcap 150,INDEX,MIDCAP,MIDCAP 150,1380411,YES,YES,5,8,TIER1,23.13,22.89,23.14,
MID150CASE,EQUITY,Nifty Midcap 150,INDEX,MIDCAP,MIDCAP 150,778742,YES,YES,5,8,TIER1,11.40,11.27,11.37,
HDFCMID150,EQUITY,Nifty Midcap 150,INDEX,MIDCAP,MIDCAP 150,671075,YES,YES,5,8,TIER1,22.90,22.67,22.86,
MID150,EQUITY,Nifty Midcap 150,INDEX,MIDCAP,MIDCAP 150,635762,YES,YES,5,8,TIER1,22.93,-,22.97,
MIDCAPIETF,EQUITY,Nifty Midcap 150,INDEX,MIDCAP,MIDCAP 150,576797,YES,YES,5,8,TIER1,23.43,23.17,23.37,
MID150BEES,EQUITY,Nifty Midcap 150,INDEX,MIDCAP,MIDCAP 150,467925,YES,YES,5,8,TIER1,234.49,231.45,233.46,
MIDSELIETF,EQUITY,BSE Midcap Select,INDEX,MIDCAP,MIDCAP SELECT,408836,YES,YES,0,8,TIER2,19.34,19.31,19.44,
MOM100,EQUITY,Nifty Midcap 100,INDEX,MIDCAP,MIDCAP 100,218093,YES,YES,0,8,TIER2,66.66,65.74,66.34,
MIDCAP,EQUITY,NIFTY Midcap 50,INDEX,MIDCAP,MIDCAP 50,133637,YES,YES,0,8,TIER2,18.11,17.95,18.12,
MIDCAPBETA,EQUITY,Nifty Midcap 150,INDEX,MIDCAP,MIDCAP 150,26478,NO,NO,0,0,NO,227.98,226.25,228.26,
MIDCAPADD,EQUITY,Nifty Midcap 150,INDEX,MIDCAP,MIDCAP 150,18839,NO,NO,0,0,NO,22.70,22.44,22.64,
SBINMID150,EQUITY,Nifty Midcap 150,INDEX,MIDCAP,MIDCAP 150,9273,NO,NO,0,0,NO,22.75,22.43,22.63,
MOLOWVOL,EQUITY,Nifty Midcap 100,INDEX,MIDCAP,MIDCAP 100,6873,NO,NO,0,0,NO,35.40,35.03,35.22,
LICNMID100,EQUITY,Nifty Midcap 100,INDEX,MIDCAP,MIDCAP 100,3565,NO,NO,0,0,NO,62.39,61.32,61.97,
GROWWMC150,EQUITY,Nifty Midcap 150,INDEX,MIDCAP,MIDCAP 150,149,NO,NO,0,0,NO,226.50,224.42,226.43,
MSCI360,EQUITY,MSCI India,INDEX,MSCI_INDIA,MSCI INDIA,40209,NO,NO,0,0,NO,9.86,9.76,9.75,
MSCIADD,EQUITY,MSCI India,INDEX,MSCI_INDIA,MSCI INDIA,10146,NO,NO,0,0,NO,28.63,28.53,28.68,
MSCIINDIA,EQUITY,MSCI India,INDEX,MSCI_INDIA,MSCI INDIA,4050,NO,NO,0,0,NO,29.05,28.82,28.97,
ABSLMSCIN,EQUITY,MSCI India,INDEX,MSCI_INDIA,MSCI INDIA,249,NO,NO,0,0,NO,28.72,28.51,28.65,
NEXT50IETF,EQUITY,Nifty Next 50,INDEX,NEXT_50,NEXT 50,369232,YES,YES,2,2,TIER1,75.20,74.33,75.17,
JUNIORBEES,EQUITY,Nifty Next 50,INDEX,NEXT_50,NEXT 50,212891,YES,YES,2,2,TIER1,773.40,761.77,770.16,
NEXT50BETA,EQUITY,Nifty Next 50,INDEX,NEXT_50,NEXT 50,178892,YES,YES,2,2,TIER1,77.45,76.08,76.92,
HDFCNEXT50,EQUITY,Nifty Next 50,INDEX,NEXT_50,NEXT 50,93622,NO,NO,0,0,NO,72.99,72.00,72.76,
ABSLNN50ET,EQUITY,Nifty Next 50,INDEX,NEXT_50,NEXT 50,71455,NO,NO,0,0,NO,74.80,74.17,74.99,
NEXT50,EQUITY,Nifty Next 50,INDEX,NEXT_50,NEXT 50,26277,NO,NO,0,0,NO,736.25,727.36,735.18,
NEXT50ADD,EQUITY,Nifty Next 50,INDEX,NEXT_50,NEXT 50,23050,NO,NO,0,0,NO,71.45,70.78,71.57,
SETFNN50,EQUITY,Nifty Next 50,INDEX,NEXT_50,NEXT 50,13672,NO,NO,0,0,NO,765.00,755.14,763.46,
GROWWNXT50,EQUITY,Nifty Next 50,INDEX,NEXT_50,NEXT 50,9931,NO,NO,0,0,NO,71.34,70.72,-,
NEXT50ETF,EQUITY,Nifty Next 50,INDEX,NEXT_50,NEXT 50,7471,NO,NO,0,0,NO,71.70,70.94,71.70,
SNXT30BEES,EQUITY,BSE Sensex Next 30,INDEX,NEXT_50,SENSEX NEXT 30,2988,NO,NO,0,0,NO,41.93,41.49,41.85,
MONEXT50,EQUITY,Nifty Next 50,INDEX,NEXT_50,NEXT 50,2801,NO,NO,0,0,NO,71.28,70.34,71.12,
SNXT50BETA,EQUITY,BSE SENSEX Next 50,INDEX,NEXT_50,SENSEX NEXT 50,1834,NO,NO,0,0,NO,91.60,92.20,92.95,
NEXT30ADD,EQUITY,BSE SENSEX Next 30,INDEX,NEXT_50,SENSEX NEXT 30,1001,NO,NO,0,0,NO,41.97,41.60,41.95,
ENEXT50,EQUITY,Nifty Next 50,INDEX,NEXT_50,NEXT 50,56,NO,NO,0,0,NO,70.89,70.17,70.56,
TOP100CASE,EQUITY,Nifty 100,INDEX,NIFTY_100,100,1171887,YES,YES,1,1,TIER1,10.32,10.21,10.25,
NIF100BEES,EQUITY,Nifty 100,INDEX,NIFTY_100,100,135501,YES,YES,1,1,TIER1,257.78,257.85,258.86,
NIF100IETF,EQUITY,Nifty 100,INDEX,NIFTY_100,100,47616,NO,NO,0,0,NO,27.31,27.12,27.25,
HDFCNIF100,EQUITY,Nifty 100,INDEX,NIFTY_100,100,26558,NO,NO,0,0,NO,25.32,25.13,25.23,
MONIFTY100,EQUITY,Nifty 100,INDEX,NIFTY_100,100,6165,NO,NO,0,0,NO,24.54,24.45,24.57,
LICNFNHGP,EQUITY,Nifty 100,INDEX,NIFTY_100,100,303,NO,NO,0,0,NO,272.24,266.43,267.68,
GROWWN200,EQUITY,Nifty 200,INDEX,NIFTY_200,200,14665,NO,NO,0,0,NO,11.03,10.96,11.01,
HDFCSML250,EQUITY,Nifty Smallcap 250,INDEX,SMALLCAP,SMALLCAP 250,1665599,YES,YES,3,4,TIER1,182.00,180.16,181.61,
SML100CASE,EQUITY,Nifty Smallcap100,INDEX,SMALLCAP,SMALLCAP100,770506,YES,YES,0,4,TIER2,11.16,11.03,11.11,
MOSMALL250,EQUITY,Nifty Smallcap 250,INDEX,SMALLCAP,SMALLCAP 250,713339,YES,YES,3,4,TIER1,18.22,17.96,18.12,
GROWWSC250,EQUITY,Nifty Smallcap 250,INDEX,SMALLCAP,SMALLCAP 250,379744,YES,YES,3,4,TIER1,10.50,10.32,10.40,
SMALL250,EQUITY,Nifty Smallcap 250,INDEX,SMALLCAP,SMALLCAP 250,257569,YES,YES,3,4,TIER1,18.10,17.93,-,
SMALLIETF,EQUITY,Nifty Smallcap 250,INDEX,SMALLCAP,SMALLCAP 250,67545,NO,NO,0,0,NO,18.01,17.90,18.05,
SMALLADD,EQUITY,Nifty Smallcap 250,INDEX,SMALLCAP,SMALLCAP 250,12790,NO,NO,0,0,NO,18.16,17.97,18.13,
SBISMLETF,EQUITY,Nifty Smallcap 250,INDEX,SMALLCAP,SMALLCAP 250,10469,NO,NO,0,0,NO,18.14,17.89,18.03,
AUTOIETF,EQUITY,Nifty Auto,SECTOR,AUTO,AUTO,752124,YES,YES,1,4,TIER1,28.36,27.89,28.21,
GROWWEV,EQUITY,Nifty EV and New Age Automotive,SECTOR,AUTO,EV AND NEW AGE AUTOMOTIVE,258717,YES,YES,2,4,TIER1,31.71,31.30,31.65,
AUTOBEES,EQUITY,Nifty Auto,SECTOR,AUTO,AUTO,144505,YES,YES,1,4,TIER1,283.04,278.38,281.12,
EVIETF,EQUITY,Nifty EV and New Age Automotive,SECTOR,AUTO,EV AND NEW AGE AUTOMOTIVE,143068,YES,YES,2,4,TIER1,31.92,31.38,31.75,
EVINDIA,EQUITY,Nifty EV and New Age Automotive,SECTOR,AUTO,EV AND NEW AGE AUTOMOTIVE,121664,YES,YES,2,4,TIER1,31.81,31.43,31.78,
BANKIETF,EQUITY,Nifty Bank,SECTOR,BANKING,BANK,2307654,YES,YES,4,8,TIER1,58.02,57.89,57.72,
PVTBANIETF,EQUITY,Nifty Private Bank,SECTOR,BANKING,PRIVATE BANK,2030986,YES,YES,1,8,TIER1,27.62,27.61,27.55,
BANKNIFTY1,EQUITY,Nifty Bank,SECTOR,BANKING,BANK,1798682,YES,YES,4,8,TIER1,58.17,58.51,58.77,
BANKBETA,EQUITY,Nifty Bank,SECTOR,BANKING,BANK,1751884,YES,YES,4,8,TIER1,58.17,58.31,58.06,
PSUBNKBEES,EQUITY,Nifty PSU Bank,SECTOR,BANKING,PSU BANK,1436668,YES,YES,0,8,TIER2,92.31,92.45,92.30,
BANKBEES,EQUITY,Nifty Bank,SECTOR,BANKING,BANK,514509,YES,YES,4,8,TIER1,582.09,583.63,581.18,
SETFNIFBK,EQUITY,Nifty Bank,SECTOR,BANKING,BANK,260815,YES,YES,4,8,TIER1,577.75,579.01,576.58,
FINIETF,EQUITY,Nifty Financial Services Ex-Bank,SECTOR,BANKING,FINANCIAL SERVICES EX-BANK,250140,YES,YES,0,8,TIER2,32.04,31.59,31.93,
HDFCPVTBAN,EQUITY,Nifty Private Bank,SECTOR,BANKING,PRIVATE BANK,225252,YES,YES,1,8,TIER1,27.83,27.85,27.73,
SBIBPB,EQUITY,BSE PSU Bank,SECTOR,BANKING,PSU BANK,86400,NO,NO,0,0,NO,48.22,48.03,47.96,
TNIDETF,EQUITY,Nifty Private Bank,SECTOR,BANKING,PRIVATE BANK,57525,NO,NO,0,0,NO,88.02,88.73,88.22,
PSUBNKIETF,EQUITY,Nifty PSU Bank,SECTOR,BANKING,PSU BANK,43257,NO,NO,0,0,NO,84.21,83.96,83.77,
PSUBANK,EQUITY,Nifty PSU Bank,SECTOR,BANKING,PSU BANK,38641,NO,NO,0,0,NO,82.84,82.86,83.91,
ABSLBANETF,EQUITY,Nifty Bank,SECTOR,BANKING,BANK,29639,NO,NO,0,0,NO,57.35,57.79,57.55,
PVTBANKADD,EQUITY,Nifty Private Bank,SECTOR,BANKING,PRIVATE BANK,26754,NO,NO,0,0,NO,27.66,27.75,27.63,
BANKETF,EQUITY,Nifty Bank,SECTOR,BANKING,BANK,22817,NO,NO,0,0,NO,572.76,574.38,574.47,
HDFCNIFBAN,EQUITY,Nifty Bank,SECTOR,BANKING,BANK,19963,NO,NO,0,0,NO,57.78,58.03,57.78,
PSUBANKADD,EQUITY,Nifty PSU Bank,SECTOR,BANKING,PSU BANK,19080,NO,NO,0,0,NO,83.38,83.71,83.58,
BANKPSU,EQUITY,Nifty PSU Bank,SECTOR,BANKING,PSU BANK,17015,NO,NO,0,0,NO,83.40,83.49,83.65,
BANK10BETF,EQUITY,BSE Top 10 Banks,SECTOR,BANKING,TOP 10 BANKS,12244,NO,NO,0,0,NO,20.20,20.41,-,
HDFCPSUBK,EQUITY,Nifty PSU Bank,SECTOR,BANKING,PSU BANK,10748,NO,NO,0,0,NO,83.14,83.75,83.61,
SBIETFPB,EQUITY,Nifty Private Bank,SECTOR,BANKING,PRIVATE BANK,6642,NO,NO,0,0,NO,280.05,279.17,277.99,
MIDBANKADD,EQUITY,BSE MidSmall Private Banks,SECTOR,BANKING,MIDSMALL PRIVATE BANKS,6401,NO,NO,0,0,NO,17.12,17.12,17.08,
BANKBETF,EQUITY,Nifty Bank,SECTOR,BANKING,BANK,4493,NO,NO,0,0,NO,57.18,57.30,57.06,
BANK10ADD,EQUITY,BSE Top 10 Banks,SECTOR,BANKING,TOP 10 BANKS,4466,NO,NO,0,0,NO,16.50,16.58,16.47,
BANKADD,EQUITY,Nifty Bank,SECTOR,BANKING,BANK,4145,NO,NO,0,0,NO,57.37,57.71,57.47,
PVTBKGROWW,EQUITY,Nifty Private Bank,SECTOR,BANKING,PRIVATE BANK,3592,NO,NO,0,0,NO,27.24,27.41,27.29,
GROWWPSUBK,EQUITY,Nifty PSU Bank,SECTOR,BANKING,PSU BANK,3497,NO,NO,0,0,NO,83.99,83.00,82.87,
EBANK10,EQUITY,BSE Top 10 Banks,SECTOR,BANKING,TOP 10 BANKS,3478,NO,NO,0,0,NO,16.22,16.46,17.32,
BBNPNBETF,EQUITY,NIFTY Bank,SECTOR,BANKING,BANK,3324,NO,NO,0,0,NO,56.62,56.80,56.56,
ABSL10BANK,EQUITY,BSE Top 10 Banks,SECTOR,BANKING,TOP 10 BANKS,2339,NO,NO,0,0,NO,164.55,165.73,164.65,
PVTBANK,EQUITY,Nifty Private Bank,SECTOR,BANKING,PRIVATE BANK,1080,NO,NO,0,0,NO,27.23,27.37,27.25,
IVZBANKNF,EQUITY,Nifty Bank,SECTOR,BANKING,BANK,962,NO,NO,0,0,NO,55.99,56.24,-,
BNKETFAXIS,EQUITY,Nifty Bank,SECTOR,BANKING,BANK,592,NO,NO,0,0,NO,580.10,581.19,582.34,
EBANKNIFTY,EQUITY,Nifty Bank,SECTOR,BANKING,BANK,519,NO,NO,0,0,NO,56.74,56.84,56.45,
NPBET,EQUITY,Nifty Private Bank,SECTOR,BANKING,PRIVATE BANK,386,NO,NO,0,0,NO,282.00,283.10,281.86,
MOBANK10,EQUITY,BSE Top 10 Banks,SECTOR,BANKING,TOP 10 BANKS,292,NO,NO,0,0,NO,16.60,16.59,16.51,
CHEMICAL,EQUITY,Nifty Chemicals,SECTOR,CHEMICALS,CHEMICALS,271437,YES,YES,0,0,NO,29.15,28.86,29.05,
GROWWCHEM,EQUITY,Nifty Chemicals,SECTOR,CHEMICALS,CHEMICALS,30831,NO,NO,0,0,NO,29.35,28.80,29.01,
COMMOIETF,EQUITY,Nifty Commodities,SECTOR,COMMODITIES_EQUITY,COMMODITIES,23268,NO,NO,0,0,NO,97.43,96.37,96.93,
MODEFENCE,EQUITY,Nifty India Defence,SECTOR,DEFENCE,INDIA DEFENCE,1783984,YES,YES,2,2,TIER1,102.00,100.27,101.62,
DEFENCE,EQUITY,BSE India Defence,SECTOR,DEFENCE,INDIA DEFENCE,270552,YES,YES,2,2,TIER1,77.81,76.78,77.83,
GROWWDEFNC,EQUITY,Nifty India Defence,SECTOR,DEFENCE,INDIA DEFENCE,180595,YES,YES,2,2,TIER1,92.06,91.15,92.57,
OILIETF,EQUITY,Nifty Oil & Gas,SECTOR,ENERGY,OIL & GAS,9119991,YES,YES,0,2,TIER2,11.04,11.05,11.03,
GROWWPOWER,EQUITY,BSE Power,SECTOR,ENERGY,POWER,1714886,YES,YES,0,2,TIER2,11.07,10.94,11.08,
ENERGY,EQUITY,Nifty Energy,SECTOR,ENERGY,ENERGY,237663,YES,YES,0,2,TIER2,37.72,37.50,37.70,
MOENERGY,EQUITY,Nifty Energy,SECTOR,ENERGY,ENERGY,65244,NO,NO,0,0,NO,37.57,37.42,37.61,
ENERGYAXIS,EQUITY,Nifty Energy,SECTOR,ENERGY,ENERGY,22143,NO,NO,0,0,NO,18.76,18.64,18.68,
MOOILGAS,EQUITY,Nifty Oil & Gas,SECTOR,ENERGY,OIL & GAS,5229,NO,NO,0,0,NO,10.90,10.89,10.71,
INSUREIETF,EQUITY,BSE Insurance,SECTOR,FINANCIAL_SERVICES,INSURANCE,1516024,YES,YES,0,2,TIER2,15.06,14.66,15.18,
MOCAPITAL,EQUITY,Nifty Capital Market,SECTOR,FINANCIAL_SERVICES,CAPITAL MARKET,864265,YES,YES,1,2,TIER1,53.16,52.46,52.88,
GROWWCAPM,EQUITY,Nifty Capital Market,SECTOR,FINANCIAL_SERVICES,CAPITAL MARKET,735659,YES,YES,1,2,TIER1,11.10,11.01,11.12,
BFSI,EQUITY,Nifty Financial Services,SECTOR,FINANCIAL_SERVICES,FINANCIAL SERVICES,77632,NO,NO,0,0,NO,26.31,26.29,26.45,
ECAPINSURE,EQUITY,BSE Capital Markets & Insurance,SECTOR,FINANCIAL_SERVICES,CAPITAL MARKETS & INSURANCE,27955,NO,NO,0,0,NO,23.56,23.01,23.46,
FMCGIETF,EQUITY,Nifty FMCG,SECTOR,FMCG_CONSUMPTION,FMCG,973192,YES,YES,0,0,NO,49.31,48.98,49.05,
CONSUMER,EQUITY,Nifty India New Age Consumption,SECTOR,FMCG_CONSUMPTION,INDIA NEW AGE CONSUMPTION,90035,NO,NO,0,0,NO,11.72,11.64,11.74,
CONSUMBEES,EQUITY,Nifty India Consumption,SECTOR,FMCG_CONSUMPTION,INDIA CONSUMPTION,57414,NO,NO,0,0,NO,126.95,126.74,127.48,
FMCGADD,EQUITY,Nifty FMCG,SECTOR,FMCG_CONSUMPTION,FMCG,37341,NO,NO,0,0,NO,46.07,45.76,45.78,
CONS,EQUITY,Nifty India Consumption,SECTOR,FMCG_CONSUMPTION,INDIA CONSUMPTION,16325,NO,NO,0,0,NO,11.85,11.71,11.78,
CONSUMIETF,EQUITY,Nifty India Consumption,SECTOR,FMCG_CONSUMPTION,INDIA CONSUMPTION,13540,NO,NO,0,0,NO,119.31,117.92,118.71,
SBIETFCON,EQUITY,Nifty India Consumption,SECTOR,FMCG_CONSUMPTION,INDIA CONSUMPTION,1963,NO,NO,0,0,NO,118.54,117.46,118.14,
CONSUMAXIS,EQUITY,Nifty India Consumption,SECTOR,FMCG_CONSUMPTION,INDIA CONSUMPTION,260,NO,NO,0,0,NO,118.11,117.11,117.60,
GROWWRAIL,EQUITY,Nifty India Railways PSU,SECTOR,INFRA,INDIA RAILWAYS PSU,521994,YES,YES,0,3,TIER2,27.14,26.69,26.92,
INFRAIETF,EQUITY,Nifty Infrastructure,SECTOR,INFRA,INFRASTRUCTURE,356586,YES,YES,0,3,TIER2,92.00,91.78,92.46,
MOREALTY,EQUITY,Nifty Realty,SECTOR,INFRA,REALTY,330304,YES,YES,1,3,TIER1,83.90,82.57,83.86,
GROWWRLTY,EQUITY,Nifty Realty,SECTOR,INFRA,REALTY,280109,YES,YES,1,3,TIER1,9.40,9.22,9.36,
CEMNTGROWW,EQUITY,Nifty Cements,SECTOR,INFRA,CEMENTS,68805,NO,NO,0,0,NO,14.05,13.83,13.96,
INFRA,EQUITY,Nifty India Infrastructure & Logistics,SECTOR,INFRA,INDIA INFRASTRUCTURE & LOGISTICS,38972,NO,NO,0,0,NO,11.66,11.53,11.68,
INFRABEES,EQUITY,Nifty Infrastructure,SECTOR,INFRA,INFRASTRUCTURE,6160,NO,NO,0,0,NO,933.60,922.09,928.34,
MOINFRA,EQUITY,BSE India Infrastructure,SECTOR,INFRA,INDIA INFRASTRUCTURE,855,NO,NO,0,0,NO,57.60,57.23,57.56,
GROWWNET,EQUITY,Nifty India Internet,SECTOR,INTERNET,INDIA INTERNET,426495,YES,YES,0,0,NO,10.70,10.71,10.71,
INTERNET,EQUITY,Nifty India Internet,SECTOR,INTERNET,INDIA INTERNET,96126,NO,NO,0,0,NO,14.44,14.46,14.52,
ITBEES,EQUITY,Nifty IT,SECTOR,IT,IT,8324681,YES,YES,3,3,TIER1,32.46,32.33,32.41,
ITETF,EQUITY,Nifty IT,SECTOR,IT,IT,357330,YES,YES,3,3,TIER1,30.97,30.86,30.86,
ITIETF,EQUITY,Nifty IT,SECTOR,IT,IT,298904,YES,YES,3,3,TIER1,32.45,32.36,32.36,
IT,EQUITY,NIFTY IT,SECTOR,IT,IT,160242,YES,YES,3,3,TIER1,32.51,32.33,31.89,
HDFCNIFIT,EQUITY,Nifty IT,SECTOR,IT,IT,65039,NO,NO,0,0,NO,31.00,31.10,31.16,
TECH,EQUITY,Nifty IT,SECTOR,IT,IT,20077,NO,NO,0,0,NO,31.85,31.87,31.94,
SBIETFIT,EQUITY,Nifty IT,SECTOR,IT,IT,5344,NO,NO,0,0,NO,324.44,322.72,323.48,
ITADD,EQUITY,Nifty IT,SECTOR,IT,IT,2978,NO,NO,0,0,NO,30.99,30.87,30.94,
ITBETA,EQUITY,Nifty IT,SECTOR,IT,IT,1071,NO,NO,0,0,NO,309.39,306.19,306.90,
ITAXIS,EQUITY,Nifty IT,SECTOR,IT,IT,609,NO,NO,0,0,NO,318.10,320.69,318.86,
MAKEINDIA,EQUITY,Nifty India Manufacturing,SECTOR,MANUFACTURING,INDIA MANUFACTURING,37857,NO,NO,0,0,NO,161.34,158.97,161.11,
MANUFGBEES,EQUITY,Nifty India Manufacturing,SECTOR,MANUFACTURING,INDIA MANUFACTURING,2092,NO,NO,0,0,NO,159.94,156.95,159.07,
MOMGF,EQUITY,Nifty India Manufacturing,SECTOR,MANUFACTURING,INDIA MANUFACTURING,1074,NO,NO,0,0,NO,158.89,155.88,158.10,
METAL,EQUITY,Nifty Metal,SECTOR,METALS,METAL,2934238,YES,YES,2,2,TIER1,13.00,12.87,12.99,
METALIETF,EQUITY,Nifty Metal,SECTOR,METALS,METAL,2907242,YES,YES,2,2,TIER1,12.99,12.82,12.94,
GROWWMETAL,EQUITY,Nifty Metal,SECTOR,METALS,METAL,407418,YES,YES,2,2,TIER1,12.16,12.14,12.26,
HDFCNIMEG,EQUITY,Nifty Metal,SECTOR,METALS,METAL,20678,NO,NO,0,0,NO,127.98,127.34,128.54,
EMETAL,EQUITY,Nifty Metal,SECTOR,METALS,METAL,7553,NO,NO,0,0,NO,13.70,12.73,12.86,
MOMETAL,EQUITY,Nifty Metal,SECTOR,METALS,METAL,2261,NO,NO,0,0,NO,12.81,12.74,12.87,
MNC,EQUITY,Nifty MNC,SECTOR,MNC,MNC,18692,NO,NO,0,0,NO,32.49,32.10,32.25,
MOMNC,EQUITY,Nifty MNC ETF,SECTOR,MNC,MNC,2332,NO,NO,0,0,NO,31.46,31.08,27.76,
PHARMABEES,EQUITY,Nifty Pharma,SECTOR,PHARMA_HEALTHCARE,PHARMA,3319130,YES,YES,0,4,TIER2,27.38,26.89,27.33,
GROWWHOSPI,EQUITY,BSE Hospitals,SECTOR,PHARMA_HEALTHCARE,HOSPITALS,187670,YES,YES,0,4,TIER2,52.50,51.36,52.05,
HEALTHIETF,EQUITY,Nifty Healthcare,SECTOR,PHARMA_HEALTHCARE,HEALTHCARE,169749,YES,YES,1,4,TIER1,170.44,167.09,169.82,
HEALTHCARE,EQUITY,Nifty 500 Healthcare,SECTOR,PHARMA_HEALTHCARE,500 HEALTHCARE,144250,YES,YES,0,4,TIER2,21.65,21.32,18.17,
HEALTHY,EQUITY,Nifty Healthcare,SECTOR,PHARMA_HEALTHCARE,HEALTHCARE,118781,YES,YES,1,4,TIER1,17.15,16.75,17.01,
MOHEALTH,EQUITY,BSE Healthcare,SECTOR,PHARMA_HEALTHCARE,HEALTHCARE,44591,NO,NO,0,0,NO,52.17,51.19,-,
HEALTHADD,EQUITY,Nifty Healthcare,SECTOR,PHARMA_HEALTHCARE,HEALTHCARE,11028,NO,NO,0,0,NO,16.80,16.44,16.70,
HEALTHAXIS,EQUITY,Nifty Healthcare,SECTOR,PHARMA_HEALTHCARE,HEALTHCARE,2855,NO,NO,0,0,NO,167.94,165.66,166.48,
CPSEETF,EQUITY,Nifty CPSE,SECTOR,PSU,CPSE,481374,YES,YES,0,1,TIER2,92.28,92.29,92.55,
ICICIB22,EQUITY,BSE BHARAT 22,SECTOR,PSU,BHARAT 22,130930,YES,YES,0,1,TIER2,111.70,111.91,112.18,
ABSLPSE,EQUITY,Nifty PSE,SECTOR,PSU,PSE,98835,NO,NO,0,0,NO,9.84,9.91,9.97,
GROWWPSE,EQUITY,Nifty PSE,SECTOR,PSU,PSE,12155,NO,NO,0,0,NO,96.56,95.74,96.34,
MOPSE,EQUITY,Nifty PSE,SECTOR,PSU,PSE,1574,NO,NO,0,0,NO,101.32,96.91,97.44,
MOSERVICE,EQUITY,Nifty Services Sector,SECTOR,SERVICES,SERVICES SECTOR,633,NO,NO,0,0,NO,30.00,29.98,13.94,
MOTOUR,EQUITY,Nifty India Tourism,SECTOR,TOURISM,INDIA TOURISM,9206,NO,NO,0,0,NO,76.69,74.91,76.36,
